manufacturer,model,source_name,source_url,source_type,trust_level,local_snapshot_path,source_notes,model_notes,field_name,value_num,value_text,unit,raw_value_text,status,confidence,field_notes
Supatrac,Nighthawk 9-inch,Supatrac official page,https://www.supatrac.com/,official_page,official,,Official Supatrac product page with Nighthawk size list and protractor mounting distances,Standard 9 inch Nighthawk version.,effective_length_mm,228.6,,mm,9 inches,derived,0.7,Derived from nominal arm length stated on official page.
Supatrac,Nighthawk 9-inch,Supatrac official page,https://www.supatrac.com/,official_page,official,,Official Supatrac product page with Nighthawk size list and protractor mounting distances,Standard 9 inch Nighthawk version.,mounting_distance_mm,211.0,,mm,Nighthawk 211 mm protractor,parsed,0.9,
Supatrac,Nighthawk 9-inch,Supatrac official page,https://www.supatrac.com/,official_page,official,,Official Supatrac product page with Nighthawk size list and protractor mounting distances,Standard 9 inch Nighthawk version.,arm_mount,,Standard Nighthawk mount for Linn SME Kuzma Pro-Ject Brinkmann TW Acustic,,Standard Nighthawk mount compatible with Linn SME Kuzma Pro-Ject Brinkmann TW Acustic and many other decks,parsed,0.9,
Supatrac,Nighthawk 9-inch,Supatrac official page,https://www.supatrac.com/,official_page,official,,Official Supatrac product page with Nighthawk size list and protractor mounting distances,Standard 9 inch Nighthawk version.,effective_mass_g,,medium mass,g,medium mass arm,raw_only,0.6,Official page describes Nighthawk as a medium mass arm without numeric mass.
Supatrac,Nighthawk 9-inch,Supatrac official page,https://www.supatrac.com/,official_page,official,,Official Supatrac product page with Nighthawk size list and protractor mounting distances,Standard 9 inch Nighthawk version.,alignment_standard,,Baerwald default; Stevenson optional,,Baerwald or Stevenson or custom geometries,raw_only,0.75,
Supatrac,Nighthawk 9.3-inch,Supatrac official page,https://www.supatrac.com/,official_page,official,,Official Supatrac product page with Nighthawk size list and protractor mounting distances,Rega/Michell-oriented 9.3 inch Nighthawk version.,effective_length_mm,236.22,,mm,9.3 inches,derived,0.7,Derived from nominal arm length stated on official page.
Supatrac,Nighthawk 9.3-inch,Supatrac official page,https://www.supatrac.com/,official_page,official,,Official Supatrac product page with Nighthawk size list and protractor mounting distances,Rega/Michell-oriented 9.3 inch Nighthawk version.,mounting_distance_mm,222.0,,mm,Nighthawk 222 mm protractor,parsed,0.9,
Supatrac,Nighthawk 9.3-inch,Supatrac official page,https://www.supatrac.com/,official_page,official,,Official Supatrac product page with Nighthawk size list and protractor mounting distances,Rega/Michell-oriented 9.3 inch Nighthawk version.,arm_mount,,Custom Rega/Michell style application; standard Nighthawk pillar not compatible with Rega-type mount,,Official page notes Nighthawk is not compatible with Rega-type mounts due to pillar thickness and custom mounts are available,raw_only,0.8,
Supatrac,Nighthawk 9.3-inch,Supatrac official page,https://www.supatrac.com/,official_page,official,,Official Supatrac product page with Nighthawk size list and protractor mounting distances,Rega/Michell-oriented 9.3 inch Nighthawk version.,effective_mass_g,,medium mass,g,medium mass arm,raw_only,0.6,Official page describes Nighthawk as a medium mass arm without numeric mass.
Supatrac,Nighthawk 9.3-inch,Supatrac official page,https://www.supatrac.com/,official_page,official,,Official Supatrac product page with Nighthawk size list and protractor mounting distances,Rega/Michell-oriented 9.3 inch Nighthawk version.,alignment_standard,,Baerwald default; Stevenson optional,,Baerwald or Stevenson or custom geometries,raw_only,0.75,
Supatrac,Nighthawk 10.5-inch,Supatrac official page,https://www.supatrac.com/,official_page,official,,Official Supatrac product page with Nighthawk size list and protractor mounting distances,Standard 10.5 inch Nighthawk version.,effective_length_mm,266.7,,mm,10.5 inches,derived,0.7,Derived from nominal arm length stated on official page.
Supatrac,Nighthawk 10.5-inch,Supatrac official page,https://www.supatrac.com/,official_page,official,,Official Supatrac product page with Nighthawk size list and protractor mounting distances,Standard 10.5 inch Nighthawk version.,mounting_distance_mm,251.0,,mm,Nighthawk 251 mm protractor,parsed,0.9,
Supatrac,Nighthawk 10.5-inch,Supatrac official page,https://www.supatrac.com/,official_page,official,,Official Supatrac product page with Nighthawk size list and protractor mounting distances,Standard 10.5 inch Nighthawk version.,arm_mount,,Standard Nighthawk mount for Linn SME Kuzma Pro-Ject Brinkmann TW Acustic,,Standard Nighthawk mount compatible with Linn SME Kuzma Pro-Ject Brinkmann TW Acustic and many other decks,parsed,0.9,
Supatrac,Nighthawk 10.5-inch,Supatrac official page,https://www.supatrac.com/,official_page,official,,Official Supatrac product page with Nighthawk size list and protractor mounting distances,Standard 10.5 inch Nighthawk version.,effective_mass_g,,medium mass,g,medium mass arm,raw_only,0.6,Official page describes Nighthawk as a medium mass arm without numeric mass.
Supatrac,Nighthawk 10.5-inch,Supatrac official page,https://www.supatrac.com/,official_page,official,,Official Supatrac product page with Nighthawk size list and protractor mounting distances,Standard 10.5 inch Nighthawk version.,alignment_standard,,Baerwald default; Stevenson optional,,Baerwald or Stevenson or custom geometries,raw_only,0.75,
Supatrac,Nighthawk 12-inch,Supatrac official page,https://www.supatrac.com/,official_page,official,,Official Supatrac product page with Nighthawk size list and protractor mounting distances,Standard 12 inch Nighthawk version.,effective_length_mm,304.8,,mm,12 inches,derived,0.7,Derived from nominal arm length stated on official page.
Supatrac,Nighthawk 12-inch,Supatrac official page,https://www.supatrac.com/,official_page,official,,Official Supatrac product page with Nighthawk size list and protractor mounting distances,Standard 12 inch Nighthawk version.,mounting_distance_mm,291.0,,mm,Nighthawk 291 mm protractor,parsed,0.9,
Supatrac,Nighthawk 12-inch,Supatrac official page,https://www.supatrac.com/,official_page,official,,Official Supatrac product page with Nighthawk size list and protractor mounting distances,Standard 12 inch Nighthawk version.,arm_mount,,Standard Nighthawk mount for Linn SME Kuzma Pro-Ject Brinkmann TW Acustic,,Standard Nighthawk mount compatible with Linn SME Kuzma Pro-Ject Brinkmann TW Acustic and many other decks,parsed,0.9,
Supatrac,Nighthawk 12-inch,Supatrac official page,https://www.supatrac.com/,official_page,official,,Official Supatrac product page with Nighthawk size list and protractor mounting distances,Standard 12 inch Nighthawk version.,effective_mass_g,,medium mass,g,medium mass arm,raw_only,0.6,Official page describes Nighthawk as a medium mass arm without numeric mass.
Supatrac,Nighthawk 12-inch,Supatrac official page,https://www.supatrac.com/,official_page,official,,Official Supatrac product page with Nighthawk size list and protractor mounting distances,Standard 12 inch Nighthawk version.,alignment_standard,,Baerwald default; Stevenson optional,,Baerwald or Stevenson or custom geometries,raw_only,0.75,
Schroeder,CB 9-inch,Schroeder CB Tonearm spec page,https://dohmannaudio.com/schroder-cb-tonearm/,dealer_page,secondary,,Dohmann Audio spec table for current Schroeder CB tonearm family,CB captive-bearing 9 inch variant.,effective_length_mm,239.3,,mm,239.3 mm,parsed,0.85,
Schroeder,CB 9-inch,Schroeder CB Tonearm spec page,https://dohmannaudio.com/schroder-cb-tonearm/,dealer_page,secondary,,Dohmann Audio spec table for current Schroeder CB tonearm family,CB captive-bearing 9 inch variant.,mounting_distance_mm,222.0,,mm,222.0 mm,parsed,0.85,
Schroeder,CB 9-inch,Schroeder CB Tonearm spec page,https://dohmannaudio.com/schroder-cb-tonearm/,dealer_page,secondary,,Dohmann Audio spec table for current Schroeder CB tonearm family,CB captive-bearing 9 inch variant.,overhang_mm,17.3,,mm,17.3 mm,parsed,0.85,
Schroeder,CB 9-inch,Schroeder CB Tonearm spec page,https://dohmannaudio.com/schroder-cb-tonearm/,dealer_page,secondary,,Dohmann Audio spec table for current Schroeder CB tonearm family,CB captive-bearing 9 inch variant.,offset_angle_deg,23.0,,deg,23 degrees,parsed,0.85,
Schroeder,CB 9-inch,Schroeder CB Tonearm spec page,https://dohmannaudio.com/schroder-cb-tonearm/,dealer_page,secondary,,Dohmann Audio spec table for current Schroeder CB tonearm family,CB captive-bearing 9 inch variant.,effective_mass_g,14.0,,g,14 g with supplied cartridge mounting plate,parsed,0.85,
Schroeder,CB 9-inch,Schroeder CB Tonearm spec page,https://dohmannaudio.com/schroder-cb-tonearm/,dealer_page,secondary,,Dohmann Audio spec table for current Schroeder CB tonearm family,CB captive-bearing 9 inch variant.,arm_mount,,24-25 mm hole with single M6 tapped hole,,24-25 mm mounting hole with single M6 tapped hole,parsed,0.85,
Schroeder,CB-L 12-inch,Schroeder CB Tonearm spec page,https://dohmannaudio.com/schroder-cb-tonearm/,dealer_page,secondary,,Dohmann Audio spec table for current Schroeder CB tonearm family,CB-L captive-bearing 12 inch variant.,effective_length_mm,282.0,,mm,282.0 mm,parsed,0.85,
Schroeder,CB-L 12-inch,Schroeder CB Tonearm spec page,https://dohmannaudio.com/schroder-cb-tonearm/,dealer_page,secondary,,Dohmann Audio spec table for current Schroeder CB tonearm family,CB-L captive-bearing 12 inch variant.,mounting_distance_mm,267.5,,mm,267.5 mm,parsed,0.85,
Schroeder,CB-L 12-inch,Schroeder CB Tonearm spec page,https://dohmannaudio.com/schroder-cb-tonearm/,dealer_page,secondary,,Dohmann Audio spec table for current Schroeder CB tonearm family,CB-L captive-bearing 12 inch variant.,overhang_mm,14.52,,mm,14.52 mm,parsed,0.85,
Schroeder,CB-L 12-inch,Schroeder CB Tonearm spec page,https://dohmannaudio.com/schroder-cb-tonearm/,dealer_page,secondary,,Dohmann Audio spec table for current Schroeder CB tonearm family,CB-L captive-bearing 12 inch variant.,offset_angle_deg,19.35,,deg,19.35 degrees,parsed,0.85,
Schroeder,CB-L 12-inch,Schroeder CB Tonearm spec page,https://dohmannaudio.com/schroder-cb-tonearm/,dealer_page,secondary,,Dohmann Audio spec table for current Schroeder CB tonearm family,CB-L captive-bearing 12 inch variant.,effective_mass_g,18.0,,g,18 g with supplied cartridge mounting plate,parsed,0.85,
Schroeder,CB-L 12-inch,Schroeder CB Tonearm spec page,https://dohmannaudio.com/schroder-cb-tonearm/,dealer_page,secondary,,Dohmann Audio spec table for current Schroeder CB tonearm family,CB-L captive-bearing 12 inch variant.,arm_mount,,24-25 mm hole with single M6 tapped hole,,24-25 mm mounting hole with single M6 tapped hole,parsed,0.85,
Kuzma,4Point 9-inch,Kuzma 4Point 9 official page,https://www.kuzma.si/4point-9.html,official_page,official,,Official Kuzma 4Point 9 product page,Shorter 4Point variant.,effective_length_mm,229.0,,mm,229 mm,parsed,0.95,
Kuzma,4Point 9-inch,Kuzma 4Point 9 official page,https://www.kuzma.si/4point-9.html,official_page,official,,Official Kuzma 4Point 9 product page,Shorter 4Point variant.,mounting_distance_mm,212.0,,mm,212 mm,parsed,0.95,
Kuzma,4Point 9-inch,Kuzma 4Point 9 official page,https://www.kuzma.si/4point-9.html,official_page,official,,Official Kuzma 4Point 9 product page,Shorter 4Point variant.,overhang_mm,17.0,,mm,Derived from 229 mm effective length and 212 mm spindle to pivot distance,derived,0.9,
Kuzma,4Point 9-inch,Kuzma 4Point 9 official page,https://www.kuzma.si/4point-9.html,official_page,official,,Official Kuzma 4Point 9 product page,Shorter 4Point variant.,offset_angle_deg,23.0,,deg,23 degrees,parsed,0.95,
Kuzma,4Point 9-inch,Kuzma 4Point 9 official page,https://www.kuzma.si/4point-9.html,official_page,official,,Official Kuzma 4Point 9 product page,Shorter 4Point variant.,effective_mass_g,13.0,,g,13 g,parsed,0.95,
Kuzma,4Point 9-inch,Kuzma 4Point 9 official page,https://www.kuzma.si/4point-9.html,official_page,official,,Official Kuzma 4Point 9 product page,Shorter 4Point variant.,arm_mount,,Kuzma,,Kuzma,parsed,0.95,
Kuzma,4Point 14-inch,Kuzma 4Point 14 brochure,https://www.kuzma.si/media/uploads/files/BROCHURE%20%204POINT%2014%20%20150601.pdf,official_pdf,official,,Official Kuzma 4Point 14 brochure,Long 14 inch 4Point variant requiring 12 inch mounting position.,effective_length_mm,353.0,,mm,353 mm,parsed,0.95,
Kuzma,4Point 14-inch,Kuzma 4Point 14 brochure,https://www.kuzma.si/media/uploads/files/BROCHURE%20%204POINT%2014%20%20150601.pdf,official_pdf,official,,Official Kuzma 4Point 14 brochure,Long 14 inch 4Point variant requiring 12 inch mounting position.,mounting_distance_mm,291.0,,mm,291 mm,parsed,0.95,
Kuzma,4Point 14-inch,Kuzma 4Point 14 brochure,https://www.kuzma.si/media/uploads/files/BROCHURE%20%204POINT%2014%20%20150601.pdf,official_pdf,official,,Official Kuzma 4Point 14 brochure,Long 14 inch 4Point variant requiring 12 inch mounting position.,offset_angle_deg,15.35,,deg,15.35 degrees,parsed,0.95,
Kuzma,4Point 14-inch,Kuzma 4Point 14 brochure,https://www.kuzma.si/media/uploads/files/BROCHURE%20%204POINT%2014%20%20150601.pdf,official_pdf,official,,Official Kuzma 4Point 14 brochure,Long 14 inch 4Point variant requiring 12 inch mounting position.,effective_mass_g,19.0,,g,19 g,parsed,0.95,
Kuzma,4Point 14-inch,Kuzma 4Point 14 brochure,https://www.kuzma.si/media/uploads/files/BROCHURE%20%204POINT%2014%20%20150601.pdf,official_pdf,official,,Official Kuzma 4Point 14 brochure,Long 14 inch 4Point variant requiring 12 inch mounting position.,arm_mount,,Kuzma cut,,Kuzma cut,parsed,0.95,
