source_id,source_name,source_url,source_type,trust_level,retrieved_at,local_snapshot_path,notes
1,BIGLOBE Arm Data,https://www7a.biglobe.ne.jp/~yosh/armdata.htm,secondary_table,secondary,2026-06-16T15:53:08+00:00,sources/biglobe_armdata.html,Public arm geometry table. Effective mass/cartridge range/arm mount mostly absent.
2,Ortofon TA-110 user manual,https://www.manualslib.com/manual/1449246/Ortofon-Ta-110.html,manual_mirror,secondary,2026-06-16T15:59:52+00:00,,ManualsLib extraction of Ortofon user guide
3,Sorane SA-1.2 instructions,https://www.manualslib.com/manual/1657349/Sorane-Sa-1-2.html,manual_mirror,secondary,2026-06-16T15:59:52+00:00,,ManualsLib extraction of Sorane instructions
4,Sumiko Premier FT-3 mounting and operating instructions,https://www.manualslib.com/manual/2513846/Sumiko-Premier-Ft-3.html,manual_mirror,secondary,2026-06-16T15:59:52+00:00,,ManualsLib extraction of Sumiko FT-3 instructions
5,SME Series V instructions PDF,https://sme.co.uk/wp-content/uploads/SME-series-v-instructions.pdf,official_pdf,official,2026-06-16T15:59:52+00:00,,Official SME PDF with geometry/spec snippets surfaced by web search
6,Rega RB330 official product page,https://www.rega.co.uk/products/rb330,official_page,official,2026-06-16T16:35:49+00:00,,Technical specs surfaced by official product page and official PDF/manual pairing
7,Rega RB330 official instructions PDF,https://www.rega.co.uk/download/rb330-retail-instructions-master-2017.pdf,official_pdf,official,2026-06-16T16:35:49+00:00,,Official Rega fitting instructions
8,Graham Phantom III official page,https://graham-engineering.com/products/tonearms/phantom-iii/,official_page,official,2026-06-16T16:35:49+00:00,,Official geometry values surfaced by product-page search snippet
9,Graham Phantom Elite brochure,https://www.audiotuning.com/wp-content/uploads/2023/07/GRAHAM-Phantom-Elite-EN.pdf,official_pdf,official,2026-06-16T16:35:49+00:00,,Graham Phantom Elite technical sheet
10,Kuzma 4Point official manual,https://www.kuzma.si/media/uploads/files/IM%204POINT%2081126.pdf,official_pdf,official,2026-06-16T16:35:49+00:00,,Official Kuzma 4Point manual
11,Kuzma tonearms FAQ,https://www.kuzma.si/kuzma-tonearms.html,official_page,official,2026-06-16T16:35:49+00:00,,Official Kuzma FAQ table and setup notes
12,Tri-Planar official Mk VII page,https://www.triplanar.com/mk-vii/,official_page,official,2026-06-16T16:35:49+00:00,,Official Tri-Planar Mk VII specs
13,Tri-Planar official U2 SE page,https://www.triplanar.com/u2-se/,official_page,official,2026-06-16T16:35:49+00:00,,Official Tri-Planar U2 SE specs
14,Supatrac official site,https://www.supatrac.com/,official_page,official,2026-06-16T16:35:49+00:00,,Official Supatrac site lists 9.3 inch Rega/Michell version and base effective mass
15,Origin Live tonearm specifications,https://www.originlive.com/shop/tonearms-specifications-all-arms,official_page,official,2026-06-16T16:35:49+00:00,,Official Origin Live all-arms specification chart
16,Reed 3P official page,https://www.reed.lt/product/reed-3p/,official_page,official,2026-06-16T16:38:05+00:00,,Official Reed 3P product page; lengths given in inches and key geometry in metric
17,Moerch official specifications,http://www.moerch.dk/spec1.htm,official_page,official,2026-06-16T16:38:05+00:00,,Official Moerch technical specifications page
18,Wilson Benesch analogue brochure,https://nirvanasound.com/wp-content/uploads/brochures/Wilson-Benesch-Analogue-brochure-web-LR.pdf,official_pdf,official,2026-06-16T16:38:05+00:00,,Official Wilson Benesch analogue brochure
19,VPI official unipivot tonearms page,https://www.vpiindustries.com/unipivot,official_page,official,2026-06-16T16:38:05+00:00,,Official VPI JMW spec page
20,Pro-Ject Evolution tonearm manual,https://pro-jectusa.com/wp-content/uploads/2020/05/Pro-Ject-Evolution-Tonearm-User-Manual.pdf,official_pdf,official,2026-06-16T16:38:05+00:00,,Official Pro-Ject Evolution tonearm manual / official spec page
21,BIGLOBE grouped legacy split,https://www7a.biglobe.ne.jp/~yosh/armdata.htm,secondary_table,secondary,2026-06-16T16:41:04+00:00,,Split exact-model record from grouped BIGLOBE row 'RB250 & RB300'
22,Kuzma tonearms FAQ,https://www.kuzma.si/kuzma-tonearms.html,official_page,official,2026-06-16T16:41:04+00:00,,Official Kuzma FAQ table and setup notes
23,Reed 1H official page,https://www.reed.lt/product/reed-1h/,official_page,official,2026-06-16T16:41:04+00:00,,Official Reed 1H product page
24,Moerch official specifications,http://www.moerch.dk/spec1.htm,official_page,official,2026-06-16T16:41:04+00:00,,Official Moerch technical specifications page
25,VPI official unipivot tonearms page,https://www.vpiindustries.com/unipivot,official_page,official,2026-06-16T16:41:04+00:00,,Official VPI JMW spec page
26,Wilson Benesch analogue owner manual,https://www.decibel.ch/upfiles/documents/wilson-beneschanaloguemanual-52281.pdf,official_pdf,official,2026-06-16T16:41:04+00:00,,Wilson Benesch manual with ACT 0.5 / ACT Two / Nanotube geometry
27,SAT 9 vs 12 geometry paper,https://swedishat.com/SAT%209%22%20vs%2012%22%20paper.pdf,official_pdf,official,2026-06-16T16:44:31+00:00,,Official SAT geometry paper by Marc Gomez
28,Thales Simplicity II official page,https://www.thales.swiss/thales-simplicity.html,official_page,official,2026-06-16T16:44:31+00:00,,Official Thales Simplicity II product page
29,Flyer Simplicity II,https://exaudio.pt/wp-content/uploads/2022/02/Flyer-Simplicity-II.pdf,official_pdf,official,2026-06-16T16:44:31+00:00,,Official Simplicity II flyer
30,Thales Statement official page,https://www.thales.swiss/thales-statement1.html,official_page,official,2026-06-16T16:44:31+00:00,,Official Thales Statement product page
31,WTL LTD manual,https://www.welltemperedlab.net/assets/Uploads/WTL-LTD-Manual-Rev.-March-2014.pdf,official_pdf,official,2026-06-16T16:44:31+00:00,,Official Well Tempered Lab LTD instruction manual
32,Royale 400 brochure,https://www.welltemperedlab.net/assets/Uploads/Royale-Brochure.pdf,official_pdf,official,2026-06-16T16:44:31+00:00,,Official Royale 400 brochure
33,Air Force 10 leaflet,https://rcm.com.pl/oferta/techdas/images/AF10_leaflet.pdf,official_pdf,official,2026-06-16T16:44:31+00:00,,TechDAS Air Force 10 leaflet with geometry table
34,Raven 10.5 official page,https://tw-acustic.de/en/tonearms/raven-10-5,official_page,official,2026-06-16T16:44:31+00:00,,Official TW-Acustic Raven 10.5 product page
35,Korf TA-SF9 official product page,https://korfaudio.com/ta-sf9,official_page,official,2026-06-16T16:50:17+00:00,,Official Korf product page/web specs
36,Korf TA-SF11R official product page,https://korfaudio.com/ta-sf11r,official_page,official,2026-06-16T16:50:17+00:00,,Official Korf product page/web specs
37,AMG 9W2 official product page,https://analog-manufaktur-germany.de/en/tonearms/9w2/,official_page,official,2026-06-16T16:50:17+00:00,,Official AMG 9W2 product page
38,AMG 12JT official product page,https://analog-manufaktur-germany.de/en/tonearms/12jt/,official_page,official,2026-06-16T16:50:17+00:00,,Official AMG 12JT product page
39,Schroeder Reference official mounting schematic,http://schroeder-tonarme.de/ref-mounting-scheme.html,official_page,official,2026-06-16T16:50:17+00:00,,Official Schroeder Reference mounting schematic
40,Phantom III SE official page,https://graham-engineering.com/products/tonearms/phantom-iii-se/,official_page,official,2026-06-16T16:50:17+00:00,,Official Graham Phantom III SE product page
41,Audiomods Series Six dimensions PDF,http://www.audiomods.co.uk/downloads/micArmDimensionsS6.pdf,official_pdf,official,2026-06-16T16:50:17+00:00,,Official Audiomods Series Six dimensions sheet
42,Basis Audio Vector 4 official product page,https://www.basisaudio.com/tonearm/vector-4/,official_page,official,2026-06-16T16:50:17+00:00,,Official Basis Audio Vector 4 product page and spec snippet
43,VPI Unipivot Tonearms official page,https://www.vpiindustries.com/unipivot,official_page,official,2026-06-16T16:50:17+00:00,,Official VPI unipivot tonearm page
44,Supatrac official page,https://www.supatrac.com/,official_page,official,2026-06-16T16:54:38+00:00,,Official Supatrac product page with Nighthawk size list and protractor mounting distances
45,Schroeder CB Tonearm spec page,https://dohmannaudio.com/schroder-cb-tonearm/,dealer_page,secondary,2026-06-16T16:54:38+00:00,,Dohmann Audio spec table for current Schroeder CB tonearm family
46,Kuzma 4Point 9 official page,https://www.kuzma.si/4point-9.html,official_page,official,2026-06-16T16:54:38+00:00,,Official Kuzma 4Point 9 product page
47,Kuzma 4Point 14 brochure,https://www.kuzma.si/media/uploads/files/BROCHURE%20%204POINT%2014%20%20150601.pdf,official_pdf,official,2026-06-16T16:54:38+00:00,,Official Kuzma 4Point 14 brochure
48,Gold Note B-5.2 official product page,https://www.goldnote.it/turntables/b-5-1/,official_page,official,2026-06-16T16:59:56+00:00,,Official Gold Note page currently serving B-5.2 content at legacy B-5.1 path
49,Gold Note B-7 Ceramic official product page,https://www.goldnote.it/turntables/b-7-ceramic/,official_page,official,2026-06-16T16:59:56+00:00,,Official Gold Note B-7 Ceramic product page
50,Ortofon AS-212R / AS-309R userguide,https://ortofon.com/cdn/shop/files/Userguide_Tonearm_AS-212R_AS-309R.pdf?v=16206892059160213752,official_pdf,official,2026-06-16T16:59:56+00:00,,Official Ortofon userguide for AS-212R and AS-309R
51,Ortofon RS-212D official product page,https://ortofon.com/pages/rs-212d-9,official_page,official,2026-06-16T16:59:56+00:00,,Official Ortofon RS-212D product page
52,Ortofon RS-309D official product page,https://ortofon.com/pages/rs-309d-12,official_page,official,2026-06-16T16:59:56+00:00,,Official Ortofon RS-309D product page
53,Supatrac official page,https://www.supatrac.com/,official_page,official,2026-06-16T17:02:32+00:00,,Official Supatrac page with Blackbird size list and protractor mounting distances
54,Supatrac Blackbird Farpoint manual,https://www.supatrac.com/manual-farpoint.pdf,official_pdf,official,2026-06-16T17:02:32+00:00,,Official Blackbird Farpoint manual plus official Supatrac site size/protractor scheme
55,Kuzma Air Line official page,https://www.kuzma.si/air-line.html,official_page,official,2026-06-16T17:02:32+00:00,,Official Kuzma Air Line page with public technical data
56,Kuzma Stogi S brochure,https://www.kuzma.si/media/uploads/files/KUZMA%20Stogi%20S%20tonearm%202011(1).pdf,official_pdf,official,2026-06-16T17:02:32+00:00,,Official Kuzma Stogi S brochure
57,Kuzma Stogi Ref official page,https://www.kuzma.si/stogi-ref.html,official_page,official,2026-06-16T17:54:38+00:00,,Official Kuzma Stogi Ref product page
58,Kuzma Stogi Ref 313 official page,https://www.kuzma.si/stogi-ref-313.html,official_page,official,2026-06-16T17:54:38+00:00,,Official Kuzma Stogi Ref 313 product page
59,Kuzma Stogi Ref 313 VTA official page,https://www.kuzma.si/stogi-ref-313-vta.html,official_page,official,2026-06-16T17:54:38+00:00,,Official Kuzma Stogi Ref 313 VTA product page
60,VPI tonearm geometry analysis,https://www.vinylengine.com/vpi-tonearm-geometry.shtml,secondary_analysis,secondary,2026-06-16T19:49:47+00:00,,Secondary geometry analysis; official VPI pages confirm adjacent JMW family and model naming but not full geometry table
61,Reed 3P official page,https://www.reed.lt/product/reed-3p/,official_page,official,2026-06-16T19:51:51+00:00,,Official Reed 3P product page
62,Moerch official specifications,http://www.moerch.dk/spec1.htm,official_page,official,2026-06-16T20:33:51+00:00,,Official Moerch specifications page covering DP-6 DP-8 and UP-4
63,Kuzma tonearms official page,https://www.kuzma.si/tonearms,official_page,official,2026-06-16T20:35:20+00:00,,Official Kuzma tonearms model table
64,Tri-Planar Mk VII official page,https://www.triplanar.com/mk-vii/,official_page,official,2026-06-16T20:54:24+00:00,,Official Tri-Planar Mk VII product page
65,Tri-Planar U2 SE official page,https://www.triplanar.com/u2-se/,official_page,official,2026-06-16T20:54:24+00:00,,Official Tri-Planar U2 SE product page
66,Tri-Planar U12 official page,https://www.triplanar.com/u-12/,official_page,official,2026-06-16T20:54:24+00:00,,Official Tri-Planar U12 product page
67,Schroeder Model 2 official manual,http://www.schroeder-tonarme.de/no2-english.html,official_manual,official,2026-06-16T20:54:24+00:00,,Official English instruction manual for the Schroeder Model 2
68,Schroeder DPS official manual,http://www.schroeder-tonarme.de/dps-deutsch.html,official_manual,official,2026-06-16T20:54:24+00:00,,Official German instruction manual for the Schroeder DPS
69,Schroeder Reference official info page,http://www.schroeder-tonarme.de/referenz-sq-info.html,official_page,official,2026-06-16T20:54:24+00:00,,Official Schroeder Reference SQ information page
70,Dr. Feickert Straight-10 review,https://www.fidelity-magazine.com/dr-feickert-analogue-straight-10/,review,secondary,2026-06-16T21:11:25+00:00,,Detailed published review with full geometry/spec block
71,DFA Straight-10 dealer listing,https://hifi12a.de/DFA-Dr-Feickert-Analogue-STRAIGHT-10-Tonearm,dealer_page,secondary,2026-06-16T21:11:25+00:00,,Dealer listing echoing core Straight-10 mount information
72,Music Hall MMF-9.3 official product page,https://www.musichallaudio.com/products/music-hall-mmf-9-3-turntable,official_page,official,2026-06-16T21:14:07+00:00,,Geometry values surfaced by official product-page snippet; fetched page confirms full carbon fiber tonearm with adjustable VTA.
73,Music Hall MMF-7.3 official product page,https://www.musichallaudio.com/products/music-hall-mmf-7-3-turntable,official_page,official,2026-06-16T21:14:07+00:00,,Geometry values surfaced by official product-page snippet; fetched page confirms full carbon fiber tonearm.
74,Music Hall MMF-5.3 official product page,https://www.musichallaudio.com/products/music-hall-mmf-5-3-turntable,official_page,official,2026-06-16T21:14:07+00:00,,Geometry values surfaced by official product-page snippet; fetched page confirms 9 inch carbon fiber tonearm.
75,Music Hall MMF-3.3 official product page,https://www.musichallaudio.com/products/music-hall-mmf-3-3-turntable,official_page,official,2026-06-16T21:14:07+00:00,,Geometry values surfaced by official product-page snippet; fetched page confirms custom carbon fiber tonearm with alloy headshell.
76,Music Hall MMF-2.3 official product page,https://www.musichallaudio.com/products/music-hall-mmf-2-3-series-turntable,official_page,official,2026-06-16T21:14:07+00:00,,Geometry values surfaced by official product-page snippet; fetched page confirms carbon fiber tonearm.
77,Music Hall MMF-1.3 official product page,https://www.musichallaudio.com/products/music-hall-mmf-1-3-turntable,official_page,official,2026-06-16T21:14:07+00:00,,Geometry values surfaced by official product-page snippet; fetched page confirms aluminum tonearm with removable headshell.
78,Ortofon TA-110 official product page,https://ortofon.com/pages/ta-110-9,official_page,official,2026-06-16T21:49:48+00:00,,Official historical Ortofon TA-110 product page
79,Sorane SA-1.2 official manual,https://youtek.jp/pdf/manual/manual_sorane_sa12_201911.pdf,official_manual,official,2026-06-16T21:49:48+00:00,,Official Sorane SA-1.2 instruction manual distributed by Youtek
80,VPI JMW unipivot tonearm page,https://www.vpiindustries.com/unipivot,official_page,official,2026-06-16T21:59:07+00:00,,Official VPI tonearm product page. Current site labels this length class as JMW 10 Tonearm.
81,VPI JMW 10.5 setup manual,https://www.vpiindustries.com/_files/ugd/5e0564_04492ebfa26747d9bef8842aebc33384.pdf,official_manual,official,2026-06-16T21:59:07+00:00,/Users/mamsterla/Downloads/before-you-begin.md,Official VPI setup manual titled Setup Manual for JMW Tonearm 10.5 and 12.5 version.
82,VPI Classic 1 product page,https://www.vpiindustries.com/classic1,official_page,official,2026-06-16T21:59:07+00:00,,Official VPI Classic 1 product page with exact JMW-10.5i references.
83,Michell T2 tonearm official page,https://www.michellaudio.com/michell-t2-tonearm,official_page,official,2026-06-16T22:56:11+00:00,,Official Michell Audio T2 tonearm product page.
84,Michell T8 tonearm official page,https://www.michellaudio.com/michell-t8-tonearm,official_page,official,2026-06-16T22:56:11+00:00,,Official Michell Audio T8 tonearm product page.
85,Michell TecnoArm 2 official page,https://www.michellaudio.com/michell-tecnoarm-2-tonearm,official_page,official,2026-06-16T22:56:11+00:00,,Official Michell Audio TecnoArm 2 product page.
86,Glanz S Type official page,https://glanz.tech/e/collection/mh1200s1000s900s/,official_page,official,2026-06-16T22:56:11+00:00,,Official Glanz S Type collection page.
87,Glanz Premium official page,https://glanz.tech/e/collection/mh124sp/,official_page,official,2026-06-16T22:56:11+00:00,,Official Glanz premium collection page.
88,Glanz legacy S official page,https://glanz.tech/e/collection/mh94s104s124s/,official_page,official,2026-06-16T22:56:11+00:00,,Official Glanz end-of-sale S collection page.
89,Glanz B Type official page,https://glanz.tech/e/collection/mh-9b-10b/,official_page,official,2026-06-16T22:56:11+00:00,,Official Glanz B Type collection page.
90,Glanz Bt Type official page,https://glanz.tech/e/collection/mh-9bt-10bt/,official_page,official,2026-06-16T22:56:11+00:00,,Official Glanz Bt Type collection page.
91,J.Sikora tonearms official page,https://jsikora.eu/tonearms/,official_page,official,2026-06-16T23:05:58+00:00,,Official J.Sikora tonearms page with KV12 technical summary embedded in page content.
92,Vertere official tonearm page,https://www.vertereacoustics.com/super-groove-precision-tonearm,official_page,official,2026-06-16T23:05:58+00:00,,Official Vertere SG-1-related tonearm product page.
93,Vertere official tonearm page,https://www.vertereacoustics.com/super-groove-ii-pathfinder-tonearm,official_page,official,2026-06-16T23:05:58+00:00,,Official Vertere SG-II Pathfinder tonearm product page.
94,Vertere official tonearm page,https://www.vertereacoustics.com/reference-tonearm,official_page,official,2026-06-16T23:05:58+00:00,,Official Vertere Reference Tonearm Gen III product page.
95,Pear Audio tonearms official page,https://pearaudio-analogue.com/tonearms/,official_page,official,2026-06-16T23:05:58+00:00,,Official Pear Audio tonearms page describing Cornet tonearm family.
96,Dynavector DV 507 MkII official page,https://www.dynavector.com/audio/507mk2.php,official_page,official,2026-06-16T23:08:47+00:00,,Official Dynavector DV 507 MkII page explicitly references original DV 507 plus DV 505 and DV 501 lineage. Geometry on this page is specific to DV 507 MkII; descriptive family notes support the grouped legacy DV-501/505/507 row.
97,hifi-wiki Audio-Technica AT exact-model pages,https://hifi-wiki.com/index.php/Audio_Technica_AT_1005_II,secondary_reference,secondary,2026-06-16T23:17:37+00:00,,Secondary reference pages with scanned spec images for exact historic Audio-Technica models.
98,hifi-wiki Audio-Technica AT exact-model pages,https://hifi-wiki.com/index.php/Audio_Technica_AT_1007,secondary_reference,secondary,2026-06-16T23:17:37+00:00,,Secondary reference pages with scanned spec images for exact historic Audio-Technica models.
99,hifi-wiki Audio-Technica AT exact-model pages,https://hifi-wiki.com/index.php/Audio_Technica_AT_1009,secondary_reference,secondary,2026-06-16T23:17:37+00:00,,Secondary reference pages with scanned spec images for exact historic Audio-Technica models.
100,hifi-wiki Audio-Technica AT exact-model pages,https://hifi-wiki.com/index.php/Audio_Technica_AT_1100,secondary_reference,secondary,2026-06-16T23:17:37+00:00,,Secondary reference pages with scanned spec images for exact historic Audio-Technica models.
101,TNT-Audio FR-64S review citing manual geometry,https://www.tnt-audio.com/sorgenti/fidelity_research_fr64s_e.html,review,secondary,2026-06-16T23:17:37+00:00,,Secondary review source quoting FR-64S manual geometry and construction details.
102,Fidelity Research FR-60 series operating instructions (manual mirror),https://www.hifisentralen.no/forumet/attachments/ve_fidelityfr60manual-pdf.768668/,manual_mirror,secondary,2026-06-16T23:25:05+00:00,tmp_fidelity_manual.pdf,Manual mirror PDF for Fidelity Research FR-60 series. Local OCR performed from downloaded PDF pages for usable geometry and setup details.
103,TNT-Audio FR-64S review,https://www.tnt-audio.com/sorgenti/fidelity_research_fr64s_e.html,review,secondary,2026-06-16T23:28:15+00:00,,Secondary review source quoting FR-64S manual geometry and describing construction details.
104,Fidelity Research FR-60 series operating instructions (manual mirror),https://www.hifisentralen.no/forumet/attachments/ve_fidelityfr60manual-pdf.768668/,manual_mirror,secondary,2026-06-16T23:28:15+00:00,tmp_fidelity_manual.pdf,Manual mirror PDF for Fidelity Research FR-60 series. Local OCR performed from downloaded PDF pages for usable geometry and setup details.
105,hifi-wiki Audio-Technica exact model page,https://hifi-wiki.com/index.php/Audio_Technica_AT_1005_II,secondary_reference,secondary,2026-06-16T23:31:00+00:00,,Secondary reference page with scanned specification image for exact Audio-Technica tonearm model.
106,hifi-wiki Audio-Technica exact model page,https://hifi-wiki.com/index.php/Audio_Technica_AT_1007,secondary_reference,secondary,2026-06-16T23:31:00+00:00,,Secondary reference page with scanned specification image for exact Audio-Technica tonearm model.
107,hifi-wiki Audio-Technica exact model page,https://hifi-wiki.com/index.php/Audio_Technica_AT_1009,secondary_reference,secondary,2026-06-16T23:31:00+00:00,,Secondary reference page with scanned specification image for exact Audio-Technica tonearm model.
108,hifi-wiki Audio-Technica exact model page,https://hifi-wiki.com/index.php/Audio_Technica_AT_1100,secondary_reference,secondary,2026-06-16T23:31:00+00:00,,Secondary reference page with scanned specification image for exact Audio-Technica tonearm model.
109,hifi-wiki AT series advertisement scan,https://hifi-wiki.com/images/4/42/AT.jpg,secondary_reference,secondary,2026-06-16T23:33:46+00:00,tmp_at_imgs/AT_ad.jpg,Secondary reference page or scanned advertisement for historic Audio-Technica tonearm model.
110,hifi-wiki Audio Technica Sound Arms,https://hifi-wiki.com/index.php/Audio_Technica_Sound_Arms,secondary_reference,secondary,2026-06-16T23:33:46+00:00,,Secondary reference page or scanned advertisement for historic Audio-Technica tonearm model.
111,hifi-wiki Fidelity Research Tone Arms,https://hifi-wiki.com/index.php/Fidelity_Research_Tone_Arms,secondary_reference,secondary,2026-06-16T23:39:40+00:00,,Secondary reference page listing exact Fidelity Research tonearm models.
112,hifi-wiki Fidelity Research Tone Arms,https://hifi-wiki.com/index.php/Fidelity_Research_Tone_Arms,secondary_reference,secondary,2026-06-16T23:41:30+00:00,,Manual mirror PDF for Fidelity Research FR-60 series or secondary archive model list.
113,Fidelity Research FR-60 series operating instructions (manual mirror),https://www.hifisentralen.no/forumet/attachments/ve_fidelityfr60manual-pdf.768668/,manual_mirror,secondary,2026-06-16T23:41:30+00:00,tmp_fidelity_manual.pdf,Manual mirror PDF for Fidelity Research FR-60 series or secondary archive model list.
114,Durand Talea II official page,https://www.durand-tonearms.com/the-talea-ii,official_page,official,2026-06-16T23:54:40+00:00,,Official Durand Tonearms product page.
115,Durand Tosca official page,https://www.durand-tonearms.com/the-tosca,official_page,official,2026-06-16T23:54:40+00:00,,Official Durand Tonearms product page.
116,The Ear Groovemaster 4 review,https://www.the-ear.net/review-hardware/groovemaster-4-top-banana/,review,secondary,2026-06-16T23:55:13+00:00,,The Ear review and Audio Creative shop pages for Groovemaster tonearms.
117,Audio Creative Shop GrooveMaster 3 page,https://audio-creativeshop.nl/product/groovemaster-ii-tonearm/,official_page,official,2026-06-16T23:55:13+00:00,,The Ear review and Audio Creative shop pages for Groovemaster tonearms.
118,Audio Note Arm One/II official page,https://www.audionote.co.uk/arm-one,official_page,official,2026-06-16T23:58:47+00:00,,Official Audio Note (UK) product page.
119,Audio Note Arm Three/II official page,https://www.audionote.co.uk/arm-three,official_page,official,2026-06-16T23:58:47+00:00,,Official Audio Note (UK) product page.
120,Kronos AV Acoustic Solid 313 12-inch tonearm page,https://www.kronosav.com/products/acoustic-solid-313-12-tonearm,dealer_page,secondary,2026-06-17T00:00:32+00:00,,Dealer page supplied by user. Rich geometry/spec listing for Acoustic Solid WTB 313 12-inch tonearm.
121,Kronos AV Acoustic Solid WTB213 Carbon Tonearm page,https://www.kronosav.com/collections/acoustic-solid/products/acoustic-solid-wtb213-carbon-tonearm,dealer_page,secondary,2026-06-17T00:03:37+00:00,,User-accessible dealer product page with explicit WTB213 naming and full spec block.
122,Electronic Depot Acoustic Solid Metal 111 / WTB 370 page,https://www.theelectronicdepot.ca/turntables/acoustic-solid-metal-111-turntable-cartridge.html,dealer_page,secondary,2026-06-17T00:03:37+00:00,,Dealer package page explicitly names WTB-370 and gives descriptive tonearm text.
123,Vinyl Sound Acoustic Solid Solid 111 Metal page,https://vinylsound.ca/products/acoustic-solid-solid-111-metal-turntable,dealer_page,secondary,2026-06-17T00:03:37+00:00,,Dealer turntable package page naming WTB-370 as included tonearm.
124,Vinyl Sound Acoustic Solid Solid 311 Metal page,https://vinylsound.ca/products/acoustic-solid-solid-311-metal-turntable,dealer_page,secondary,2026-06-17T00:03:37+00:00,,Dealer turntable package page naming WTB-370 as included tonearm.
125,Micro Seiki MA-505 operating manual mirror,https://s.siteapi.org/500b43cd79ebb4d.ru/docs/crwe035jmxsgo0kwc04ksscwswsgww,manual_mirror,secondary,2026-06-17T00:11:05+00:00,,Scanned Micro Seiki operating manual mirror with specification page.
126,Micro Seiki MA-707 operating manual mirror,https://s.siteapi.org/500b43cd79ebb4d.ru/docs/l1jmp82rc5cwkgck08g0co4w88ok8g,manual_mirror,secondary,2026-06-17T00:11:05+00:00,,Scanned Micro Seiki operating manual mirror with specification page.
127,Audiogon GST-801 P2S discussion,https://forum.audiogon.com/discussions/acos-lustre-gst-801-p2s-distance,secondary_reference,secondary,2026-06-17T00:27:42+00:00,,Audiogon and AudioWorld discussions used where owners and setup posts preserve geometry and operating details for this vintage arm.
128,Audiogon GST-801 tonearm discussion,https://forum.audiogon.com/discussions/tonearm-acos-lustre-gst-801-yea-nay,secondary_reference,secondary,2026-06-17T00:27:42+00:00,,Audiogon and AudioWorld discussions used where owners and setup posts preserve geometry and operating details for this vintage arm.
129,AudioWorld Koshin Lustre GST-801 thread,http://www.apogeeacoustics.com/oldforum/007301.html,secondary_reference,secondary,2026-06-17T00:27:42+00:00,,Audiogon and AudioWorld discussions used where owners and setup posts preserve geometry and operating details for this vintage arm.
130,Retrotech Audio Acos Lustre GST-1 archive page,https://retrotechaudio.co.uk/acos-lustre-gst1.html,dealer_page,secondary,2026-06-17T00:27:42+00:00,,Retrotech sales archive and Audiogon discussion preserve basic GST-1 setup details.
131,Audiogon GST-1 discussion,https://forum.audiogon.com/discussions/acos-lustre-gst-1-yay-or-nay-has-removable-headshell-and,secondary_reference,secondary,2026-06-17T00:27:42+00:00,,Retrotech sales archive and Audiogon discussion preserve basic GST-1 setup details.
132,Audiogon SAEC 308N vs 308SX discussion,https://forum.audiogon.com/discussions/saec-308n-vs-308sx,secondary_reference,secondary,2026-06-17T00:27:42+00:00,,Audiogon discussion preserves setup geometry and model distinctions for this vintage arm.
133,OTOMON SAEC WE-407/23 page,https://otomon.net/audio-highend/products/detail/251,dealer_page,secondary,2026-06-17T00:36:59+00:00,,Archival product page and BIGLOBE geometry table used for classic SAEC tonearm data.
134,BIGLOBE arm data table,https://www7a.biglobe.ne.jp/~yosh/armdata.htm,secondary_table,secondary,2026-06-17T00:36:59+00:00,,Archival product page and BIGLOBE geometry table used for classic SAEC tonearm data.
135,LinnDocs EKOS SE,https://docs.linn.co.uk/wiki/index.php/EKOS_SE,official_page,official,2026-06-17T00:51:16+00:00,,Official Linn product and documentation pages.
136,Linn Ekos SE official product page,https://www.linn.co.uk/turntables/components/ekos-se,official_page,official,2026-06-17T00:51:16+00:00,,Official Linn product and documentation pages.
137,SME Series M2 instructions,https://sme.co.uk/wp-content/uploads/SME-series-m2-instructions.pdf,official_pdf,official,2026-06-17T00:51:16+00:00,,Official SME documentation PDF.
138,SME Model 8 manual / 309 tonearm specs,https://sme.co.uk/wp-content/uploads/SME-MODEL-8-MANUAL-APRIL-2025-web.pdf,official_pdf,official,2026-06-17T00:51:16+00:00,,Official SME documentation PDF.
139,SME Series V official sheet,https://sme.co.uk/wp-content/uploads/SERIES-V-apr-18.pdf,official_pdf,official,2026-06-17T00:51:16+00:00,,Official SME documentation PDF.
140,SME Series 300 instructions,https://sme.co.uk/wp-content/uploads/SME-series-300-instructions.pdf,official_pdf,official,2026-06-17T02:00:12+00:00,,Official SME Series 300 tonearm manual.
141,"SME Models 3012-R, 3010-R and 3009-R instruction book",https://sme.co.uk/wp-content/uploads/MODELS_301_2-R_301_O-R_AND_3009-R_PRECISION_PICK-UP_ARMS_INSTRUCTION_BOOK.pdf,official_pdf,official,2026-06-17T02:00:12+00:00,,Official SME R-series instruction book. Null points quoted from alignment protractor instructions.
142,Clearaudio Unify official product page,https://www.clearaudio.de/produkt-tonarm-unify/,official_page,official,2026-06-17T02:00:12+00:00,,Official Clearaudio Unify product page.
143,Kuzma Stogi official page,https://www.kuzma.si/stogi.html,official_page,official,2026-06-17T02:00:12+00:00,,Official Kuzma Stogi product page and technical data table.
144,Brinkmann 10.5 official product page,https://www.brinkmann-audio.de/main.php?prod=tonarm105&lang=en,official_page,official,2026-06-17T02:00:12+00:00,,Official Brinkmann 10.5 tonearm product page.
145,Clearaudio Tracer official product page,https://www.clearaudio.de/produkt-tonarm-tracer/,official_page,official,2026-06-17T02:00:12+00:00,,Official Clearaudio Tracer product page.
146,SME Model 3009 Series II Improved instruction book,https://sme.co.uk/wp-content/uploads/MODEL_3009_SERIES_II_IMPROVED_INSTRUCTION_BOOK.pdf,official_pdf,official,2026-06-17T02:04:17+00:00,,Official SME Model 3009 Series II Improved manual.
147,SME Series II precision pick-up arms instruction book,https://sme.co.uk/wp-content/uploads/SERIES_II_PRECISION_PICK-UP_ARMS_INSTRUCTION_BOOK.pdf,official_pdf,official,2026-06-17T02:04:17+00:00,,"Official SME Series II manual, plus later improved-family manual for detachable-shell S2 reference."
148,SME Series III instruction book,https://sme.co.uk/wp-content/uploads/SERIES_III_PRECISION_PICK-UP_ARM_INSTRUCTION_BOOK.pdf,official_pdf,official,2026-06-17T02:04:17+00:00,,Official SME Series III manual. Design-change page distinguishes original smaller-shell geometry from later modified carrying arm.
149,EMT International 929 & 997 historical product page,http://emt-international.ch/e/929-997.php,official_page,official,2026-06-17T02:04:59+00:00,,Official historical EMT International product page for discontinued EMT studio tonearms.
150,EMT 929 mounting instructions for EMT 930,https://emt-archiv.de/wp-content/uploads/EMT-929-Montage-an-930.pdf,manual_mirror,secondary,2026-06-17T02:04:59+00:00,,Historical EMT 929 mounting instructions mirror with bilingual setup details.
151,Acoustic Signature TA-5000 NEO official page,https://www.acoustic-signature.com/products/tonearms/ta-5000-neo/,official_page,official,2026-06-17T02:07:06+00:00,,Official Acoustic Signature TA-5000 NEO product page.
152,Acoustic Signature TA-7000 NEO official page,https://www.acoustic-signature.com/products/tonearms/ta-7000-neo/,official_page,official,2026-06-17T02:07:06+00:00,,Official Acoustic Signature TA-7000 NEO product page.
153,Acoustical Systems AXIOM official pages,https://www.acoustical-systems.de/as-tonearms/the-axiom-12-reference-tonearm/,official_page,official,2026-06-17T02:07:06+00:00,,Official Acoustical Systems AXIOM pages.
154,Acoustical Systems AXIOM features page,https://www.acoustical-systems.de/as-tonearms/the-axiom-12-reference-tonearm/the-axiom-many-unique-features-several-world-s-1st/,official_page,official,2026-06-17T02:07:06+00:00,,Official Acoustical Systems AXIOM pages.
155,EMT HI tonearm user manual,https://emt-tontechnik.ch/uploads/1/4/8/6/148642164/manual-emt-hi-tonearm_v1.4.pdf,official_pdf,official,2026-06-17T02:07:06+00:00,,Official EMT HI tonearm manual and datasheets.
156,EMT HI tonearm datasheet,https://emt-tontechnik.ch/uploads/1/4/8/6/148642164/emt-909-hi.pdf,official_pdf,official,2026-06-17T02:07:06+00:00,,Official EMT HI tonearm manual and datasheets.
157,EMT HI tonearm datasheet,https://emt-tontechnik.ch/uploads/1/4/8/6/148642164/emt-912-hi.pdf,official_pdf,official,2026-06-17T02:07:06+00:00,,Official EMT HI tonearm manual and datasheets.
158,Acoustical Systems AQUILAR official page,https://www.acoustical-systems.de/as-tonearms/the-aquilar-10-reference-tonearm/,official_page,official,2026-06-17T02:25:27+00:00,,Official Acoustical Systems AQUILAR pages and manual.
159,Acoustical Systems AQUILAR owner manual,https://www.acoustical-systems.de/app/download/31400293/AQ_BDA_02-2020-medium.pdf,official_pdf,official,2026-06-17T02:25:27+00:00,,Official Acoustical Systems AQUILAR pages and manual.
160,Thomas Schick 12-inch tonearm official page,http://thomas-schick.com/en/produkte/12-schick-arm,official_page,official,2026-06-17T02:25:27+00:00,,Official Thomas Schick product page and FAQ.
161,Thomas Schick FAQ,https://thomas-schick.com/en/faq,official_page,official,2026-06-17T02:25:27+00:00,,Official Thomas Schick product page and FAQ.
162,Thomas Schick products page,https://thomas-schick.com/en/produkte,official_page,official,2026-06-17T02:25:27+00:00,,Official Thomas Schick FAQ and products pages.
163,Sierra Sound ViV Lab tech info,https://www.sierrasound.net/vivtech,dealer_page,secondary,2026-06-17T03:54:19+00:00,,Strong distributor/dealer technical pages for ViV Laboratory Rigid Float series. Official manufacturer site was not surfaced.
164,DS Exports Rigid Float tonearm series,https://ds-exports.biz/rigid-float-tone-arm/,dealer_page,secondary,2026-06-17T03:54:19+00:00,,Strong distributor/dealer technical pages for ViV Laboratory Rigid Float series. Official manufacturer site was not surfaced.
165,The Wand Series B data sheet,https://cdn.shopify.com/s/files/1/0600/1121/files/Wand_Data_Sheet_Series_B_ROW_v1.pdf?v=1710891405,official_pdf,official,2026-06-17T03:54:19+00:00,,Official Design Build Listen Wand Series B pages and data sheet.
166,The Wand tonearm models page,https://designbuildlisten.com/pages/shop-where-to-buy,official_page,official,2026-06-17T03:54:19+00:00,,Official Design Build Listen Wand Series B pages and data sheet.
167,Ortofon RS/AS tonearm alignment recommendations,https://cdn.shopify.com/s/files/1/0756/9247/4651/files/recommendations_for_rs_and_as_tonearms.pdf?v=1705500339,official_pdf,official,2026-06-17T19:45:38+00:00,,Official Ortofon historical pages and alignment recommendation PDF.
168,Ortofon RS 212 vintage page,https://ortofon.com/pages/rs-212-vintage,official_page,official,2026-06-17T19:45:38+00:00,,Official Ortofon historical pages and alignment recommendation PDF.
169,Ortofon RMG 309 vintage page,https://ortofon.com/pages/rmg-309-vintage,official_page,official,2026-06-17T19:45:38+00:00,,Official Ortofon historical pages and alignment recommendation PDF.
170,Ortofon AS-212S page,https://ortofon.com/pages/as-212s-9,official_page,official,2026-06-17T19:45:38+00:00,,Official Ortofon historical pages and alignment recommendation PDF.
171,Rega product timeline,https://www.rega.co.uk/about/timeline,official_page,official,2026-06-17T19:49:08+00:00,,Official Rega pages and documents.
172,Rega Planar 78 product page,https://www.rega.co.uk/products/planar-78,official_page,official,2026-06-17T19:49:08+00:00,,Official Rega pages and documents.
173,Rega zero-play tonearm note,https://www.rega.co.uk/download/the-importance-of-zero-play.pdf,official_page,official,2026-06-17T19:49:08+00:00,,Official Rega pages and documents.
174,Rega RB330 page,https://www.rega.co.uk/products/rb330,official_page,official,2026-06-17T19:49:08+00:00,,Official Rega pages and documents.
175,Thorens TD 160 Mk II instruction manual,https://www.manualslib.com/manual/4048393/Thorens-Td-160-Mkii.html?page=7#manual,official_manual,official,2026-06-17T21:24:47+00:00,,Original Thorens manual scan hosted by ManualsLib.
176,Thorens TD 160 Mk II instruction manual,https://www.manualslib.com/manual/4048393/Thorens-Td-160-Mkii.html?page=10#manual,official_manual,official,2026-06-17T21:24:47+00:00,,Original Thorens manual scan hosted by ManualsLib.
177,Thorens TD 160 Mk II instruction manual,https://www.manualslib.com/manual/4048393/Thorens-Td-160-Mkii.html?page=12#manual,official_manual,official,2026-06-17T21:24:47+00:00,,Original Thorens manual scan hosted by ManualsLib.
178,Thorens TD 147 owner's manual,https://www.manualslib.de/manual/51450/Thorens-Td-147.html?page=12#manual,official_manual,official,2026-06-17T21:24:47+00:00,,Original Thorens manual scan hosted by ManualsLib.
179,Thorens TD 135 operating manual,https://www.manualslib.de/manual/1236085/Thorens-Td-135.html?page=6#manual,official_manual,official,2026-06-17T21:30:23+00:00,,Original Thorens manual scan hosted by ManualsLib.
180,Thorens TD 135 operating manual,https://www.manualslib.de/manual/1236085/Thorens-Td-135.html?page=10#manual,official_manual,official,2026-06-17T21:30:23+00:00,,Original Thorens manual scan hosted by ManualsLib.
181,Thorens TD 135 operating manual,https://www.manualslib.de/manual/1236085/Thorens-Td-135.html?page=8#manual,official_manual,official,2026-06-17T21:30:23+00:00,,Original Thorens manual scan hosted by ManualsLib.
182,Technics EPA-100 operating instructions,https://steampoweredradio.com/pdf/technics/manuals/Technics%20EPA-100%20Universal%20Tone%20Arm%20Operating%20Instructions.pdf,official_manual,official,2026-06-17T22:27:15+00:00,,Original Technics manual scan hosted by third-party archive.
183,Technics EPA-250 operating instructions,https://www.manualslib.com/manual/4265561/Technics-Epa-250.html?page=6#manual,official_manual,official,2026-06-17T22:27:15+00:00,,Original Technics manual scan hosted by ManualsLib.
184,Technics EPA-500 operating instructions,https://manualmachine.com/technics/epa500/2353407-owners-manual/,official_manual,official,2026-06-17T22:27:15+00:00,,Original Technics manual scan hosted by ManualMachine.
185,Technics SL-1100A operating instructions,https://tile.loc.gov/storage-services/master/mbrs/recording_preservation/manuals/Technics%20by%20Panasonic%20LS-1100A%20Direct%20Drive%20Player%20System.pdf,official_manual,official,2026-06-17T22:28:30+00:00,,Original Technics by Panasonic manual preserved by the Library of Congress.
186,Technics Component Line Up,https://www.hifiengine.com/manual_library/technics/component-line-up.shtml,official_manual,official,2026-06-17T22:29:46+00:00,,Original Technics component lineup/catalog scan hosted by HiFi Engine.
187,Technics Component Line Up,https://www.hifiengine.com/manual_library/technics/component-line-up.shtml,official_manual,official,2026-06-17T22:30:26+00:00,,Original Technics component lineup/catalog scan hosted by HiFi Engine.
188,Technics/Panasonic tonearm index,https://audio-database.com/TechnicsPanasonic/etc/index3.html,secondary_index,secondary,2026-06-17T22:30:26+00:00,,Technics/Panasonic catalog-style index page.
189,Sony PS-X70 Owner's Instruction Manual,https://www.manualslib.com/manual/4267527/Sony-Ps-X70.html?page=12#manual,official_manual,official,2026-06-17T22:44:47+00:00,,Original Sony PS-X70 owner's instruction manual page hosted by ManualsLib.
190,Sony PS-X9 Service Manual,https://www.manualslib.com/manual/4203633/Sony-Ps-X9.html?page=1#manual,official_manual,official,2026-06-17T22:44:47+00:00,,Original Sony PS-X9 service manual specification page hosted by ManualsLib.
191,SONY PUA-1500S/PUA-1500L Specifications,https://audio-heritage.jp/SONY-ESPRIT/etc/pua-1500.html,official_brochure,official,2026-06-17T22:44:47+00:00,,Historical Sony specification transcription with original images reproduced by Audio Heritage.
192,SONY PUA-1600S/PUA-1600L Specifications SONY,https://audio-database.com/SONY-ESPRIT/etc/pua-1600.html,official_brochure,official,2026-06-17T22:44:47+00:00,,Historical Sony specification transcription for PUA-1600 family reproduced by Audio Database.
193,MICRO MA-202の仕様 マイクロ,https://audio-heritage.jp/MICRO/etc/ma-202.html,official_brochure,official,2026-06-17T22:52:50+00:00,,Historical Micro Seiki specification transcription with original images reproduced by Audio Heritage.
194,MICRO MA-303の仕様 マイクロ,https://audio-heritage.jp/MICRO/etc/ma-303.html,official_brochure,official,2026-06-17T22:52:50+00:00,,Historical Micro Seiki specification transcription with original images reproduced by Audio Heritage.
195,MICRO MA-505/MA-505Lの仕様 マイクロ,https://audio-heritage.jp/MICRO/etc/ma-505.html,official_brochure,official,2026-06-17T22:52:50+00:00,,Historical Micro Seiki specification transcription with original images reproduced by Audio Heritage.
196,Micro Seiki MA-701,https://stereonomono.blogspot.com/2013/10/micro-seiki-ma-701.html,official_brochure,official,2026-06-17T22:52:50+00:00,,Original Micro Seiki brochure/specification reproduction hosted by stereonomono.
197,SA 750 manual,https://www.belldream.jp/products/images/SA-750_manual.pdf,official_manual,official,2026-06-17T22:59:06+00:00,,JELCO SA-750 factory instruction manual hosted by Bell Dream Sound with JELCO branding and manufacturer contact details.
198,ベルドリームサウンド トーンアーム,https://www.belldream.jp/tonearm.html,official_distributor_page,official,2026-06-17T22:59:06+00:00,,Bell Dream Sound distributor page for JELCO tonearms.
199,Man_SCHRODER CB.cdr,https://audiokit.com.br/das/wp-content/uploads/2025/11/Man_SCHRODER-CB.pdf,official_manual,official,2026-06-17T23:01:27+00:00,,"Instruction manual issued 25/09/2020 by Frank Schroeder, mirrored by Thrax Audio / Audiokit."
200,Anleitungen/manuals,http://www.schroeder-tonarme.de/anleitungen-manuals.html,official_page,official,2026-06-17T23:01:27+00:00,,Official Schroeder manuals index page linking Model 2 and DPS setup documents.
201,Acoustic Solid WTB 213 9 official product page,https://acoustic-solid.com/produkt/wtb-213-9/,official_page,official,2026-06-17T23:11:08+00:00,,"Official Acoustic Solid manufacturer product page. Content extraction was JS/cookie limited during this pass, but live official URL resolves to the named WTB 213 9 product page."
202,Acoustic Solid tonearms category page,https://acoustic-solid.com/produkt-kategorie/tonarme/,official_page,official,2026-06-17T23:11:08+00:00,,"Official Acoustic Solid tonearms category page. Content extraction was JS/cookie limited during this pass, but live official URL surfaced as the manufacturer tonearm catalogue entry point."
203,Acoustic Solid Solid Edition official product page,https://acoustic-solid.com/produkt/solid-edition/,official_page,official,2026-06-17T23:11:08+00:00,,"Official Acoustic Solid manufacturer turntable product page. Content extraction was JS/cookie limited during this pass, but search surfaced this official page as a package reference for WTB 370."
204,Acoustic Solid Solid Machine official product page,https://acoustic-solid.com/produkt/solid-machine/,official_page,official,2026-06-17T23:11:08+00:00,,"Official Acoustic Solid manufacturer turntable product page. Content extraction was JS/cookie limited during this pass, but search surfaced this official page as a package reference for WTB 370."
205,DENON/Columbia DA-302の仕様 デノン/デンオン/コロンビア,https://audio-heritage.jp/DENON/etc/da-302.html,official_brochure,official,2026-06-17T23:13:06+00:00,,Historical Denon specification transcription with original images reproduced by Audio Heritage.
206,DENON DA-304の仕様 デノン/デンオン,https://audio-heritage.jp/DENON/etc/da-304.html,official_brochure,official,2026-06-17T23:13:06+00:00,,Historical Denon specification transcription with original images reproduced by Audio Heritage.
207,DENON DA-308の仕様 デノン/デンオン,https://audio-heritage.jp/DENON/etc/da-308.html,official_brochure,official,2026-06-17T23:13:06+00:00,,Historical Denon specification transcription with original images reproduced by Audio Heritage.
208,DENON/Columbia DA-303 デノン/デンオン/コロンビア,https://audio-heritage.jp/DENON/etc/da-303.html,official_brochure,official,2026-06-17T23:13:06+00:00,,Historical Denon specification transcription with original images reproduced by Audio Heritage.
209,DENON DA-305の仕様 デノン/デンオン,https://audio-heritage.jp/DENON/etc/da-305.html,official_brochure,official,2026-06-17T23:13:06+00:00,,Historical Denon specification transcription with original images reproduced by Audio Heritage.
210,DENON DA-307の仕様 デノン/デンオン,https://audio-heritage.jp/DENON/etc/da-307.html,official_brochure,official,2026-06-17T23:13:06+00:00,,Historical Denon specification transcription with original images reproduced by Audio Heritage.
211,DENON DA-309 デノン/デンオン,https://audio-heritage.jp/DENON/etc/da-309.html,official_brochure,official,2026-06-17T23:13:06+00:00,,Historical Denon specification transcription with original images reproduced by Audio Heritage.
212,DENON DA-401の仕様 デノン/デンオン,https://audio-heritage.jp/DENON/etc/da-401.html,official_brochure,official,2026-06-17T23:13:06+00:00,,Historical Denon specification transcription with original images reproduced by Audio Heritage.
213,Vinyl Engine Japan Piezo PU-402 library,https://www.vinylengine.com/library/japan-piezo/pu-402.shtml,manual_mirror,official,2026-06-17T23:30:52+00:00,,Vinyl Engine library entry for Japan Piezo PU-402; library page indicates archived original documentation but is currently bot-gated.
214,Vinyl Engine Syntec S-220 library,https://www.vinylengine.com/library/syntec/s-220.shtml,manual_mirror,official,2026-06-17T23:30:52+00:00,,Vinyl Engine library entry for Syntec S-220; library page indicates archived original documentation but is currently bot-gated.
215,Vinyl Engine Azden library,https://www.vinylengine.com/library/azden.shtml,manual_mirror,official,2026-06-17T23:30:52+00:00,,Vinyl Engine Azden library index for legacy Azden products; page is currently bot-gated but used as mirrored index of original documentation.
216,Audio-Technica tonearm brochure scan (AT-1001/1005II/1007/AT-1500 series),file:///Users/mamsterla/projects/wallyanalyzer/tmp_at_imgs/AT_ad.jpg,official_brochure,official,2026-06-17T23:39:11+00:00,tmp_at_imgs/AT_ad.jpg,"Local scan of period Audio-Technica brochure or advertisement page showing AT-1007, AT-1005 II, AT-1001, and AT-1500 series with Audio-Technica branding and model pricing."
217,Audio-Technica AT-1005 II brochure scan,file:///Users/mamsterla/projects/wallyanalyzer/tmp_at_imgs/AT1005II.jpg,official_brochure,official,2026-06-17T23:39:11+00:00,tmp_at_imgs/AT1005II.jpg,Local scan of period Audio-Technica AT-1005 II brochure page with photo and specs.
218,Audio-Technica AT-1007 brochure scan,file:///Users/mamsterla/projects/wallyanalyzer/tmp_at_imgs/AT1007.jpg,official_brochure,official,2026-06-17T23:39:11+00:00,tmp_at_imgs/AT1007.jpg,Local scan of period Audio-Technica AT-1007 brochure page with photo and specs.
219,Audio-Technica AT-1009 brochure scan,file:///Users/mamsterla/projects/wallyanalyzer/tmp_at_imgs/AT1009.jpg,official_brochure,official,2026-06-17T23:39:11+00:00,tmp_at_imgs/AT1009.jpg,Local scan of period Audio-Technica AT-1009 brochure page with photo and specs.
220,Audio-Technica AT-1100 brochure scan,file:///Users/mamsterla/projects/wallyanalyzer/tmp_at_imgs/AT1100.jpg,official_brochure,official,2026-06-17T23:39:11+00:00,tmp_at_imgs/AT1100.jpg,Local scan of period Audio-Technica AT-1100 brochure page with photo and specs.
221,Vinyl Engine Audio Technica AT-1010 library,https://www.vinylengine.com/library/audio-technica/at-1010.shtml,manual_mirror,official,2026-06-17T23:39:11+00:00,,Vinyl Engine library entry for Audio-Technica AT-1010; library page indicates archived original documentation but is currently bot-gated.
222,Vinyl Engine Audio Technica AT-1120 library,https://www.vinylengine.com/library/audio-technica/at-1120.shtml,manual_mirror,official,2026-06-17T23:39:11+00:00,,Vinyl Engine library entry for Audio-Technica AT-1120; library page indicates archived original documentation but is currently bot-gated.
223,Audio-Technica corporate history page for AT1503IIIa,https://www.audio-technica.co.jp/corp/history-2000/,official_page,official,2026-06-17T23:39:11+00:00,,Corporate history page on Audio-Technica official site notes limited release of revived broadcast tonearm AT1503IIIa in 2002.
224,Fidelity-Research FR-14/FR-12の仕様 フィデリティリサーチ,https://audio-heritage.jp/FIDELITYRESEARCH/etc/fr-14.html,official_brochure,official,2026-06-17T23:44:33+00:00,,Historical Fidelity Research specification transcription with original images reproduced by Audio Heritage.
225,Fidelity-Research FR-24の仕様 フィデリティリサーチ,https://audio-heritage.jp/FIDELITYRESEARCH/etc/fr-24.html,official_brochure,official,2026-06-17T23:44:33+00:00,,Historical Fidelity Research specification transcription with original images reproduced by Audio Heritage.
226,Fidelity-Research FR-54の仕様 フィデリティリサーチ,https://audio-heritage.jp/FIDELITYRESEARCH/etc/fr-54.html,official_brochure,official,2026-06-17T23:44:33+00:00,,Historical Fidelity Research specification transcription with original images reproduced by Audio Heritage.
227,Fidelity-Research FR-64の仕様 フィデリティリサーチ,https://audio-heritage.jp/FIDELITYRESEARCH/etc/fr-64.html,official_brochure,official,2026-06-17T23:44:33+00:00,,Historical Fidelity Research specification transcription with original images reproduced by Audio Heritage.
228,Fidelity-Research 昇圧トランス/トーンアーム一覧 フィデリティリサーチ,https://audio-heritage.jp/FIDELITYRESEARCH/etc/index2.html,official_brochure,official,2026-06-17T23:44:33+00:00,,Historical Fidelity Research product index transcription with original catalog lineage reproduced by Audio Heritage.
229,Fidelity-Research FR-64Sの仕様 フィデリティリサーチ,https://audio-heritage.jp/FIDELITYRESEARCH/etc/fr-64s.html,official_brochure,official,2026-06-17T23:44:33+00:00,,Historical Fidelity Research specification transcription with original images reproduced by Audio Heritage.
230,Fidelity Research FR-64fx operating-instructions scan,file:///Users/mamsterla/projects/wallyanalyzer/tmp_fr_pages/page_04.png,manual_mirror,official,2026-06-17T23:44:33+00:00,tmp_fr_pages/page_04.png,Local snapshot from mirrored operating instructions showing FR-64fx heading and adjustment diagrams.
231,Fidelity-Research FR-66/FR-66Sの仕様 フィデリティリサーチ,https://audio-heritage.jp/FIDELITYRESEARCH/etc/fr-66s.html,official_brochure,official,2026-06-17T23:44:33+00:00,,Historical Fidelity Research specification transcription with original images reproduced by Audio Heritage.
232,SAEC WE-308の仕様 サエク,https://audio-heritage.jp/SAEC/etc/we-308.html,official_brochure,official,2026-06-18T00:04:26+00:00,,Historical SAEC specification transcription with original images reproduced by Audio Heritage.
233,SAEC WE-308N/WE-308Lの仕様 サエク,https://audio-heritage.jp/SAEC/etc/we-308n.html,official_brochure,official,2026-06-18T00:04:26+00:00,,Historical SAEC specification transcription with original images reproduced by Audio Heritage.
234,SAEC トーンアーム一覧 サエク,https://audio-heritage.jp/SAEC/etc/index.html,official_brochure,official,2026-06-18T00:04:26+00:00,,Historical SAEC tonearm lineup index reproduced by Audio Heritage.
235,SAEC WE-317S Concealed Double Knife-Edge Tonearm Manual,https://www.vinylengine.com/library/saec/we-317s.shtml,manual_mirror,official,2026-06-18T00:04:26+00:00,,Vinyl Engine library entry for SAEC WE-317S; page indicates archived original documentation for the 317 family but is bot-gated.
236,SAEC WE-407/23の仕様 サエク,https://audio-heritage.jp/SAEC/etc/we-407-23.html,official_brochure,official,2026-06-18T00:04:26+00:00,,Historical SAEC specification transcription with original images reproduced by Audio Heritage.
237,SAEC Manuals | Vinyl Engine,https://www.vinylengine.com/library/saec.shtml,manual_mirror,official,2026-06-18T00:04:26+00:00,,Vinyl Engine SAEC library index lists mirrored original documentation for SAEC tonearms including WE-4700 and WE-8000 but is bot-gated.
238,SAEC その他レコードプレイヤーアクセサリー,https://audio-heritage.jp/SAEC/etc/option.html,official_brochure,official,2026-06-18T00:04:26+00:00,,Historical SAEC accessories page reproduced by Audio Heritage.
239,Grace G-704 Uni-Pivot Oil-Damped Glide-Balanced Tonearm Manual,https://www.vinylengine.com/library/grace/g-704.shtml,manual_mirror,official,2026-06-18T00:15:01+00:00,,Vinyl Engine mirrored original manual/library page for Grace G-704; page notes G-714 is similar but wood framed.
240,Grace G-707 Quad Master Stereo Tonearm Manual,https://www.vinylengine.com/library/grace/g-707.shtml,manual_mirror,official,2026-06-18T00:15:01+00:00,,Vinyl Engine mirrored original manual/library page for Grace G-707.
241,Grace G-727 Gyro Master Stereo Tonearm Manual,https://www.vinylengine.com/library/grace/g-727.shtml,manual_mirror,official,2026-06-18T00:15:01+00:00,,Vinyl Engine mirrored original manual/library page for Grace G-727; page states the robust characteristics of the earlier G-707 model were retained.
242,LUXMAN PD310の仕様 ラックスマン,https://audio-heritage.jp/LUXMAN/player/pd310.html,official_brochure,official,2026-06-18T00:15:01+00:00,,Official Luxman historical player page listing optional armboards and compatible tonearms.
243,Grace G-960 Japanese Made Uni-Pivot Oil-Damped Tonearm Manual,https://www.vinylengine.com/library/grace/g-960.shtml,manual_mirror,official,2026-06-18T00:15:01+00:00,,Vinyl Engine mirrored original manual/library page for Grace G-960.
244,MICRO DD-100の仕様 マイクロ精機,https://audio-heritage.jp/MICRO/player/dd-100.html,official_brochure,official,2026-06-18T00:15:01+00:00,,Official Micro Seiki historical player page listing optional armboards and compatible tonearms.
245,MICRO DDL-150の仕様 マイクロ精機,https://audio-heritage.jp/MICRO/player/ddl-150.html,official_brochure,official,2026-06-18T00:15:01+00:00,,Official Micro Seiki historical player page listing optional arm mounts and compatible tonearms.
246,Acos Lustre GST 1 Gimbal Bearing Tonearm Manual,https://www.vinylengine.com/library/acos/lustre-gst-1.shtml,manual_mirror,official,2026-06-18T00:17:41+00:00,,Vinyl Engine mirrored original manual/library page for the Acos Lustre GST 1 tonearm.
247,Acos Lustre GST 801 High Precision Dynamic-Balance Type Tonearm Manual,https://www.vinylengine.com/library/acos/lustre-gst-801.shtml,manual_mirror,official,2026-06-18T00:17:41+00:00,,Vinyl Engine mirrored original manual/library page for the Acos Lustre GST 801 tonearm.
248,LUXMAN PD310の仕様 ラックスマン,https://audio-heritage.jp/LUXMAN/player/pd310.html,official_brochure,official,2026-06-18T00:17:41+00:00,,Official Luxman historical player page listing optional armboards and compatible tonearms.
249,ADC ALT-1 Low-Mass Tonearm Manual,https://www.vinylengine.com/library/adc/alt-1.shtml,manual_mirror,official,2026-06-18T00:29:08+00:00,,Vinyl Engine mirrored original manual/library page for ADC ALT-1.
250,"ADC TONEARMS (Advertisement, Sept. 1978)",https://www.gammaelectronics.xyz/audio_09-1978_adc.html,official_brochure,official,2026-06-18T00:29:08+00:00,,Mirrored period ADC manufacturer advertisement for the LMF carbon fiber tonearms.
251,LUXMAN PD310の仕様 ラックスマン,https://audio-heritage.jp/LUXMAN/player/pd310.html,official_brochure,official,2026-06-18T00:29:08+00:00,,Official Luxman historical player page listing optional armboards and compatible tonearms.
252,Excel Sound Corporation Manuals,https://www.vinylengine.com/library/excel-sound-corporation.shtml,manual_mirror,official,2026-06-18T00:29:08+00:00,,Vinyl Engine manufacturer library page for Excel Sound Corporation listing mirrored original documentation and model lineup.
253,Excel Sound Corporation ES-801 Universal Static-Balance Type Tonearm Manual,https://www.vinylengine.com/library/excel-sound-corporation/es-801.shtml,manual_mirror,official,2026-06-18T00:29:08+00:00,,Vinyl Engine mirrored original manual/library page for Excel Sound Corporation ES-801.
254,AUDIO CRAFT AC-300C/AC-400C,https://audio-heritage.jp/AUDIOCRAFT/etc/ac-400c.html,official_brochure,official,2026-06-18T00:30:21+00:00,,Historical Audio Craft specification page reproduced by Audio Heritage for AC-300C and AC-400C.
255,Audiocraft - Ultracraft AC-3000,https://www.vinylengine.com/library/audiocraft-ultracraft/ac-3000.shtml,manual_mirror,official,2026-06-18T00:30:21+00:00,,Vinyl Engine mirrored original manual/library page for Audiocraft - Ultracraft AC-3000.
256,AUDIO CRAFT AR-110L,https://audio-heritage.jp/AUDIOCRAFT/player/ar-110l.html,official_brochure,official,2026-06-18T00:30:21+00:00,,Historical Audio Craft player page reproduced by Audio Heritage; documents AR-110L3000 bundle with AC-3000Silver tonearm.
257,Audiocraft - Ultracraft AC-4000,https://www.vinylengine.com/library/audiocraft-ultracraft/ac-4000.shtml,manual_mirror,official,2026-06-18T00:30:21+00:00,,Vinyl Engine mirrored original manual/library page for Audiocraft - Ultracraft AC-4000.
258,Micro Seiki MA-505 original operating manual mirror,https://s.siteapi.org/500b43cd79ebb4d.ru/docs/crwe035jmxsgo0kwc04ksscwswsgww,manual_mirror,official,2026-06-18T00:38:24+00:00,,Third-party host for scanned original Micro Seiki MA-505 operating manual pages; accepted as official-manual support because the underlying document is the manufacturer manual.
259,Micro Seiki MA-707 original operating manual mirror,https://s.siteapi.org/500b43cd79ebb4d.ru/docs/l1jmp82rc5cwkgck08g0co4w88ok8g,manual_mirror,official,2026-06-18T00:38:24+00:00,,Third-party host for scanned original Micro Seiki MA-707 operating manual pages; accepted as official-manual support because the underlying document is the manufacturer manual.
260,VICTOR UA-7082/UA-7045の仕様 ビクター,https://audio-heritage.jp/VICTOR/etc/ua-7082.html,official_brochure,official,2026-06-18T00:38:51+00:00,,Historical Victor specification page reproduced by Audio Heritage for UA-7082 and UA-7045.
261,JVC UA-7045 Gimbal Support Tonearm Manual,https://www.vinylengine.com/library/jvc/ua-7045.shtml,manual_mirror,official,2026-06-18T00:38:51+00:00,,Vinyl Engine mirrored original manual/library page for JVC UA-7045.
262,JVC Turntables Product Catalogue,https://www.vinylengine.com/library/jvc/turntables.shtml,manual_mirror,official,2026-06-18T00:38:51+00:00,,Vinyl Engine mirrored JVC turntables product catalogue page.
263,Pioneer PA-100の仕様 パイオニア,https://audio-heritage.jp/PIONEER-EXCLUSIVE/etc/pa-100.html,official_brochure,official,2026-06-18T00:41:13+00:00,,Historical Pioneer specification page reproduced by Audio Heritage for PA-100.
264,Pioneer PA-1000の仕様 パイオニア,https://audio-heritage.jp/PIONEER-EXCLUSIVE/etc/pa-1000.html,official_brochure,official,2026-06-18T00:41:13+00:00,,Historical Pioneer specification page reproduced by Audio Heritage for PA-1000.
265,Pioneer PA-1000 Carbon Fibre Tonearm Manual,https://www.vinylengine.com/library/pioneer/pa-1000.shtml,manual_mirror,official,2026-06-18T00:41:13+00:00,,Vinyl Engine mirrored original manual/library page for Pioneer PA-1000.
266,YAMAHA YSA-1の仕様 ヤマハ,https://audio-heritage.jp/YAMAHA/etc/ysa-1.html,official_brochure,official,2026-06-18T00:41:44+00:00,,Historical Yamaha specification page reproduced by Audio Heritage for YSA-1.
267,YAMAHA GT-2000Xの仕様 ヤマハ,https://audio-heritage.jp/YAMAHA/player/gt-2000x.html,official_brochure,official,2026-06-18T00:41:44+00:00,,Historical Yamaha GT-2000X product page reproduced by Audio Heritage; documents integrated use of YSA-1.
268,YAMAHA YSA-2の仕様 ヤマハ,https://audio-heritage.jp/YAMAHA/etc/ysa-2.html,official_brochure,official,2026-06-18T00:41:44+00:00,,Historical Yamaha specification page reproduced by Audio Heritage for YSA-2.
269,YAMAHA GT-2000/GT-2000Lの仕様 ヤマハ,https://audio-heritage.jp/YAMAHA/player/gt-2000.html,official_brochure,official,2026-06-18T00:41:44+00:00,,Historical Yamaha GT-2000/GT-2000L product page reproduced by Audio Heritage; documents optional YSA-2 support.
270,Sumiko Premier MMT Stereo S-Shaped Tonearm Manual,https://www.vinylengine.com/library/sumiko/premier-mmt.shtml,manual_mirror,official,2026-06-18T01:07:09+00:00,,Vinyl Engine mirrored original manual/library page for Sumiko Premier MMT.
271,Sumiko Premier FT-3 Stereo Gimbal Bearing Tonearm Manual,https://www.vinylengine.com/library/sumiko/premier-ft-3.shtml,manual_mirror,official,2026-06-18T01:07:09+00:00,,Vinyl Engine mirrored original manual/library page for Sumiko Premier FT-3.
272,Mayware Formula IV,https://www.vinylengine.com/library/mayware/formula-iv.shtml,manual_mirror,official,2026-06-18T01:07:09+00:00,,Vinyl Engine mirrored original manual/library page for Mayware Formula IV.
273,Helius Omega Stereo Tonearm Manual,https://www.vinylengine.com/library/helius/omega.shtml,manual_mirror,official,2026-06-18T01:07:09+00:00,,Vinyl Engine mirrored original manual/library page for Helius Omega; the manufacturer index section lists Helius Aureus and Helius Scorpio among Helius tonearms.
274,Helius Orion Tonearm Manual,https://www.vinylengine.com/library/helius/orion.shtml,manual_mirror,official,2026-06-18T01:07:09+00:00,,Vinyl Engine mirrored original manual/library page for Helius Orion.
275,Tonearms｜IKEDA Sound Labs. [Official],https://www.islabs.co.jp/en/pages/51/,official_brochure,official,2026-06-18T01:07:57+00:00,,Official IKEDA Sound Labs tonearms page listing current tonearm lineup and specification table.
276,YAMAHA YP-1000の仕様 ヤマハ,https://audio-heritage.jp/YAMAHA/player/yp-1000.html,official_brochure,official,2026-06-18T01:07:57+00:00,,Official Yamaha historical player page noting use of STAX UA-7 tonearm.
277,LUXMAN PD310の仕様 ラックスマン,https://audio-heritage.jp/LUXMAN/player/pd310.html,official_brochure,official,2026-06-18T01:07:57+00:00,,Official Luxman historical player page listing optional armboards and compatible tonearms.
278,Stax UA-90 Template A Adjustement instructions,https://www.springair.de/en/stax-ua-90-template-a-adjustement-instructions/l9290,manual_mirror,official,2026-06-18T01:07:57+00:00,,Third-party retail archive entry for scanned original STAX UA-90 adjustment template instructions; accepted as official-manual support because the underlying document is STAX documentation.
279,STAX UA-90N トーンアーム,https://www.auduo-1.com/newgoods/S-T/Stax/UA-90N/UA-90N.html,dealer_page,secondary,2026-06-18T01:07:57+00:00,,Dealer listing documenting UA-90N dimensions and configuration.
280,MISSION 774の仕様 ミッション,https://audio-heritage.jp/CYRUS-MISSION/etc/774.html,official_brochure,official,2026-06-18T01:09:20+00:00,,Historical Mission specification page reproduced by Audio Heritage for Mission 774.
281,Hadcock GH 228 British Made Uni-Pivot Tonearm Manual,https://www.vinylengine.com/library/hadcock/gh-228.shtml,manual_mirror,official,2026-06-18T01:09:20+00:00,,Vinyl Engine mirrored original manual/library page for Hadcock GH 228.
282,Hadcock GH242 tonearm from Hifi Gear,https://www.hifigear.co.uk/hadcock-gh242-tonearm.html,dealer_page,secondary,2026-06-18T01:09:20+00:00,,Dealer page covering current GH242 variants and positioning versus GH228.
283,SUPEX 製品一覧 スペックス,https://audio-heritage.jp/SUPEX/index.html,official_brochure,official,2026-06-18T01:09:20+00:00,,Historical SUPEX product index reproduced by Audio Heritage showing tonearm product category.
284,SUPEX 6120の仕様 スペックス,https://audio-heritage.jp/SUPEX/etc/6120.html,official_brochure,official,2026-06-18T01:09:20+00:00,,Historical SUPEX specification page reproduced by Audio Heritage for model 6120 tonearm.
285,About Us - Alphason Audio,https://alphasonaudio.com/about-us/,official_page,official,2026-06-18T01:14:04+00:00,,Official Alphason history page describing the HR-100S as the company's pioneering reference tonearm and noting ongoing service support for Alphason tonearms including Opal and Delta.
286,Alphason Designs Xenon Gimbal Bearing Tonearm Manual,https://www.vinylengine.com/library/alphason-designs/xenon.shtml,manual_mirror,official,2026-06-18T01:14:04+00:00,,Vinyl Engine mirrored original manual/library page for Alphason Xenon.
287,Audioquest PT6 Japanese Manufactured Tonearm Manual,https://www.vinylengine.com/library/audioquest/pt6.shtml,manual_mirror,official,2026-06-18T01:14:04+00:00,,Vinyl Engine mirrored original manual/library page for AudioQuest PT6.
288,Audioquest PT7 High Quality Japanese Made Tonearm Manual,https://www.vinylengine.com/library/audioquest/pt7.shtml,manual_mirror,official,2026-06-18T01:14:04+00:00,,Vinyl Engine mirrored original manual/library page for AudioQuest PT7.
289,AUDIOQUEST PT-9 EXTREME USER MANUAL,https://www.manualslib.com/manual/1560530/Audioquest-Pt-9-Extreme.html,manual_mirror,official,2026-06-18T01:14:04+00:00,,ManualsLib mirrored original PT-9 manual including PT-6/7/8/9 base plate and tonearm template references.
290,Empire 980 Stereo Wired Pick-up Arm Manual,https://www.vinylengine.com/library/empire/980.shtml,manual_mirror,official,2026-06-18T01:14:04+00:00,,Vinyl Engine mirrored original manual/library page for Empire 980.
291,Infinity Black Widow Low-Mass Pivoted Tonearm Manual,https://www.vinylengine.com/library/infinity/black-widow.shtml,manual_mirror,official,2026-06-18T01:14:04+00:00,,Vinyl Engine mirrored original manual/library page for Infinity Black Widow.
292,Template:Menu:Tonearms - LinnDocs,https://docs.linn.co.uk/wiki/index.php/Template:Menu:Tonearms,official_page,official,2026-06-18T01:14:04+00:00,,"Official LinnDocs tonearm navigation page listing Basik, Akito, Ekos, and Ittok product information pages."
293,ITTOKTONEARM.PDF,https://docs.linn.co.uk/wiki/images/3/36/Ittok_info.pdf,official_pdf,official,2026-06-18T01:14:04+00:00,,Official LinnDocs PDF information sheet for Linn Ittok tonearm.
294,Magnepan Unitrac 1 UnDamped Radial Uni-Pivot Tonearm Manual,https://www.vinylengine.com/library/magnepan/unitrac-1.shtml,manual_mirror,official,2026-06-18T01:14:04+00:00,,Vinyl Engine mirrored original manual/library page for Magnepan Unitrac 1.
295,Technical specifications: Mørch DP-6/DP-8/UP-4,http://www.moerch.dk/spec1.htm,official_page,official,2026-06-18T01:14:04+00:00,,Official Mørch technical specification page covering DP-6 and UP-4 tonearms.
296,NAIM ARO Manual,https://www.manualslib.com/manual/372395/Naim-Aro.html,manual_mirror,official,2026-06-18T01:14:04+00:00,,ManualsLib mirrored original Naim ARO manual.
297,Artemiz Tonearm | Roksan,https://www.roksan.com/en/product-ranges/roksan-heritage/artemiz-tonearm-1987/,official_page,official,2026-06-18T01:14:04+00:00,,Official Roksan heritage page for Artemiz tonearm.
298,Tabriz Tonearm | Roksan,https://www.roksan.com/en/product-ranges/roksan-heritage/tabriz-tonearm-1989/,official_page,official,2026-06-18T01:14:04+00:00,,Official Roksan heritage page for Tabriz tonearm.
299,TOKYO SOUND ST-14/ST-14Sの仕様 東京サウンド,https://audio-heritage.jp/TOKYOSOUND/etc/st-14.html,official_brochure,official,2026-06-18T01:14:04+00:00,,Historical Tokyo Sound specification page reproduced by Audio Heritage for ST-14 and ST-14S.
300,Zeta Arm HandMade Gimbal Bearing Tonearm Manual,https://www.vinylengine.com/library/zeta/arm.shtml,manual_mirror,official,2026-06-18T01:14:04+00:00,,Vinyl Engine mirrored original manual/library page for Zeta Arm.
301,Immedia RPM-2 High-End Uni-Pivot Tonearm Manual,https://www.vinylengine.com/library/immedia/rpm-2.shtml,manual_mirror,official,2026-06-18T01:14:04+00:00,,Vinyl Engine mirrored original manual/library page for Immedia RPM-2.
302,Tri-Planar Precision Tonearm,https://www.triplanar.com/,official_page,official,2026-06-18T01:14:04+00:00,,Official Tri-Planar site describing the long-running Tri-Planar precision tonearm family and its heritage.
303,DECCA London International Arm Specifications Decker,https://audio-database.com/DECCA/etc/londoninternationalarm.html,official_brochure,official,2026-06-18T01:15:15+00:00,,Historical Decca London International arm specification page reproduced by Audio Database.
304,High End 2025 - Feickert Analogue,https://www.feickert.de/de/high-end-2025.html,official_page,official,2026-06-18T01:15:15+00:00,,Official Feickert Analogue page listing Straight-10 and Straight-12 in the company demonstration lineup.
305,Graham Manuals | Vinyl Engine,https://www.vinylengine.com/library/graham.shtml,manual_mirror,official,2026-06-18T01:15:15+00:00,,Vinyl Engine Graham library page listing the Graham 1.5 among archived Graham tonearms.
306,Manticore Manuals | Vinyl Engine,https://www.vinylengine.com/library/manticore.shtml,manual_mirror,official,2026-06-18T01:15:15+00:00,,Vinyl Engine Manticore manufacturer library page describing the Musician and Magician tonearm range.
307,Manticore Musician Tonearm Manual,https://www.vinylengine.com/library/manticore/musician.shtml,manual_mirror,official,2026-06-18T01:15:15+00:00,,Vinyl Engine mirrored original manual/library page for Manticore Musician.
308,ODYSSEY TONEARMS: RP1 to RP1-XGII,https://odysseytonearms.blogspot.com/p/rp1-rp1-p.html,official_page,official,2026-06-18T01:15:15+00:00,,"Official Odyssey Tonearms page describing RP1, RP1-X, RP1-XG, and XG Mk II development."
309,ODYSSEY TONEARMS: Odyssey Gold Signature,https://odysseytonearms.blogspot.com/p/rp1-gold-signature.html,official_page,official,2026-06-18T01:15:15+00:00,,Official Odyssey Tonearms page describing the Odyssey Gold Signature and its relationship to the RP1-XG.
310,Syrinx PU2 Tonearm Manual,https://www.vinylengine.com/library/syrinx/pu2.shtml,manual_mirror,official,2026-06-18T01:15:15+00:00,,Vinyl Engine mirrored original manual/library page for Syrinx PU2.
311,Syrinx PU3 Tonearm Manual,https://www.vinylengine.com/library/syrinx/pu3.shtml,manual_mirror,official,2026-06-18T01:15:15+00:00,,Vinyl Engine mirrored original manual/library page for Syrinx PU3.
312,Rigid Float Tonearm Series - DS Exports,https://ds-exports.biz/rigid-float-tone-arm/,official_distributor_page,official,2026-06-18T01:15:15+00:00,,"Authorized distribution page listing ViV Laboratory Rigid Float Ha7, Ha9, and Ha13 specifications."
313,Microsoft Word - Analogue Manual 09 PDF.doc,https://www.decibel.ch/upfiles/documents/wilson-beneschanaloguemanual-52281.pdf,manual_mirror,official,2026-06-18T01:15:15+00:00,,"Mirrored original Wilson Benesch analogue manual covering ACT 0.5, ACT Two, and Nanotube tonearms."
314,Keith Monks Laboratory Classic Uni-Pivot Tonearm Manual,https://www.vinylengine.com/library/keith-monks/laboratory.shtml,manual_mirror,official,2026-06-18T01:16:20+00:00,,Vinyl Engine mirrored original manual/library page for Keith Monks Laboratory unipivot tonearm.
315,RS Laboratory RS-A1 Japanese Uni-Pivot Tonearm Manual,https://www.vinylengine.com/library/rs-laboratory/rs-a1.shtml,manual_mirror,official,2026-06-18T01:19:25+00:00,,Vinyl Engine mirrored original manual/library page for RS Laboratory RS-A1 tonearm.
316,Manticore Musician Tonearm Manual,https://www.vinylengine.com/library/manticore/musician.shtml,manual_mirror,official,2026-06-18T01:19:25+00:00,,"Vinyl Engine mirrored original manual/library page for Manticore Musician, described there as based on the earlier Logic/Syrinx designed Datum."
317,TOKYO SOUND ST-14/ST-14Sの仕様 東京サウンド,https://audio-heritage.jp/TOKYOSOUND/etc/st-14.html,official_brochure,official,2026-06-18T01:19:25+00:00,,Historical Tokyo Sound specification page reproduced by Audio Heritage for ST-14 and ST-14S 14-inch tonearms.
318,GUYA STO-140 Oil Damped Tonearm Arm Tonearm,https://samuraiaudio.com/products/guya-sto-140-oil-damped-tonearm-arm,dealer_page,secondary,2026-06-18T01:19:25+00:00,,Dealer listing for Guya STO-140 giving effective length and identifying the model explicitly.
319,Belcanto Manuals | Vinyl Engine,https://www.vinylengine.com/library/belcanto.shtml,manual_mirror,official,2026-06-18T01:25:02+00:00,,"Vinyl Engine manufacturer library page for Belcanto, used as mirrored legacy manual/library support for the Belcanto tonearm family."
320,Satin Manuals | Vinyl Engine,https://www.vinylengine.com/library/satin.shtml,manual_mirror,official,2026-06-18T01:25:02+00:00,,"Vinyl Engine manufacturer library page for Satin, used as mirrored legacy manual/library support for the Satin tonearm family."
321,特許図に見る珍しいアーム,http://www7a.biglobe.ne.jp/~yosh/strangearms.htm,secondary_reference,secondary,2026-06-18T01:25:02+00:00,,Secondary patent-history page identifying Japanese patent application 特開昭57-86104 and linking it to the 1981 Satin AR-1/1M/1S series.
322,Library | Vinyl Engine,https://www.vinylengine.com/library.shtml,manual_mirror,official,2026-06-18T01:25:58+00:00,,"Vinyl Engine library page includes Breuer Dynamic in the manufacturer archive list, used here as mirrored legacy manual/library family support."
323,The Breuer Dynamic Type 5A pickup arm.,http://www.adventuresinhifiaudio.com/03/12/2013/the-breuer-dynamic-type-5a-pickup-arm/,secondary_reference,secondary,2026-06-18T01:25:58+00:00,,Detailed secondary historical review quoting installation dimensions and model evolution for Breuer Dynamic arms.
324,Kuzma Safir 9 brochure,https://www.kuzma.si/media/uploads/files/KUZMA%20A4%20Safir%209%20Web2%20220613.pdf,official_brochure,official,2026-06-18T01:37:40+00:00,,Official Kuzma Safir 9 brochure/spec sheet.
325,Safir 9 - Kuzma,https://www.kuzma.si/safir-9.html,official_page,official,2026-06-18T01:37:40+00:00,,Official Kuzma Safir 9 product page.
326,Gimbal | VPI Industries,https://www.vpiindustries.com/gimbal,official_page,official,2026-06-18T01:37:40+00:00,,Official VPI gimbal tonearms page listing the Fatboy Gimbal 12-3D tonearm.
327,Korf TA-SF9R official product page,https://korfaudio.com/ta-sf9r,official_page,official,2026-06-18T03:03:17+00:00,,Official Korf product page with hidden spec table for TA-SF9R.
328,Raven 12.9 official page,https://tw-acustic.de/en/tonearms/raven-12-9,official_page,official,2026-06-18T03:03:17+00:00,,"Official TW-Acustic page for the long Raven arm, labeled Raven 12.9."
329,Sorane TA-1 instructions,https://youtek.jp/pdf/manual/manual_sorane_ta1_201911.pdf,official_manual,official,2026-06-18T03:04:28+00:00,,Official TA-1 / TA-1L instructions and manual from Youtek / Sorane.
330,Pear Audio Aras official page,https://pearaudio-analogue.com/aras/,official_page,official,2026-06-18T03:08:59+00:00,,Official Pear Audio Aras page naming the 12 inch Cornet 3 arm in current product copy.
331,Pear Audio Golden Ear Odar/Cornet 3 page,https://pearaudio-analogue.com/golden-ear-pear-audio-blue-odar-turntable-with-cornet-3-tonearm/,official_page,official,2026-06-18T03:08:59+00:00,,Official Pear Audio repost page for Golden Ear coverage of the Odar/Cornet 3 combination.
332,About Us - Alphason Audio,https://alphasonaudio.com/about-us/,official_page,official,2026-06-18T03:14:16+00:00,,Official Alphason history page describing the HR100S as the company's hugely successful reference tonearm.
333,Alphason Designs HR100S Gimbal Bearing Tonearm Manual,https://www.vinylengine.com/library/alphason-designs/hr100s.shtml,manual_mirror,official,2026-06-18T03:14:16+00:00,,Vinyl Engine mirrored original manual/library page for Alphason Designs HR100S.
334,Goldmund T-5 Owners manual,https://manualmachine.com/goldmund/t5/2335377-owners-manual/,manual_mirror,official,2026-06-18T03:14:16+00:00,,Mirrored Goldmund T5 user manual with technical data and setup instructions.
335,Goldmund Reference Anniversary Statement Turntable fitted with T3F Tonearm Manual,https://www.vinylengine.com/library/goldmund/reference-anniversary.shtml,manual_mirror,official,2026-06-18T03:14:16+00:00,,Vinyl Engine mirrored original library/manual page for Goldmund Reference Anniversary fitted with T3F tonearm.
336,Reference Turntable & Blu-ray / DVD player,https://goldmund.com/reference-turntable-dvdplayer/,official_page,official,2026-06-18T03:14:16+00:00,,Official Goldmund historical Reference page describing the original T3 tonearm technology as the foundation stone of the company.
337,AIRTANGENT 2B,https://www.audioantiquary.com/en-us/airtangent-2b/,dealer_page,secondary,2026-06-18T03:15:41+00:00,,Detailed dealer archive page for exact Airtangent 2B specimen with accessories and upgrade notes.
338,Airtangent tonearm review,https://www.stereophile.com/content/airtangent-tonearm-page-2,review,secondary,2026-06-18T03:15:41+00:00,,"Stereophile review describing Airtangent design, execution, and key features of the family."
339,AIRTANGENT 2B,https://www.audioantiquary.com/en-us/airtangent-2b/,dealer_page,secondary,2026-06-18T03:20:02+00:00,,"Detailed archival dealer listing for exact Airtangent 2B specimen with pump, hoses, filters, and magnesium-arm upgrade note."
340,Hi-Fi Choice 1987 Airtangent/Oracle Delphi review,"https://www.worldradiohistory.com/UK/Hi-Fi-Choice/1983-1989/Hi-Fi%20Choice%20Iss.%20048%20Turntables,%20Arms%20&%20Cartridges%201987.pdf",review,secondary,2026-06-18T03:20:02+00:00,/Users/mamsterla/Downloads/hi-fi20choice20iss2004820turntables20arms2020cartridges201987.md,Period review with lab report for the Airtangent family.
341,Airtangent official website archive,https://web.archive.org/web/20030605103713/http://airtangent.com/,official_website,official,2026-06-18T03:35:30+00:00,,Wayback capture of the official Airtangent website announcing the Model 2002 tonearm.
342,Airtangent tonearm Specifications,https://www.stereophile.com/content/airtangent-tonearm-specifications,review,secondary,2026-06-18T03:35:30+00:00,,Stereophile specifications page for the Airtangent family.
343,Airtangent official website archive,https://web.archive.org/web/20020530102000/http://airtangent.com/,official_website,official,2026-06-18T03:40:15+00:00,,Wayback capture of the official Airtangent website announcing the Reference tonearm.
344,Airtangent tonearm Specifications,https://www.stereophile.com/content/airtangent-tonearm-specifications,review,secondary,2026-06-18T03:40:15+00:00,,Stereophile specifications page for the Airtangent family.
345,Airtangent 2002MKII product page archive,https://web.archive.org/web/20140605023203/http://www.caaltech.com/airtangent-arms/airtangent-2002.html,official_website,official,2026-06-18T04:08:17+00:00,,Archived official Airtangent/Caaltech product page for the 2002MKII. Page metadata enumerates legacy Airtangent model names including 2B.
346,Rega RB220 official page,https://www.rega.co.uk/products/rb220,official_page,official,2026-06-18T06:37:24+00:00,,Official Rega RB220 product page.
347,Rega RB880 official page,https://www.rega.co.uk/products/rb880,official_page,official,2026-06-18T06:37:24+00:00,,Official Rega RB880 product page.
348,Rega RB3000 official page,https://www.rega.co.uk/products/rb3000,official_page,official,2026-06-18T06:37:24+00:00,,Official Rega RB3000 product page.
349,Rega official product timeline,https://www.rega.co.uk/about/timeline,official_page,official,2026-06-18T06:37:24+00:00,,Official Rega product timeline page.
350,Rega RB2000 user manual mirror,https://www.manualsdir.com/manuals/627890/rega-rb2000.html,official_manual,official,2026-06-18T06:37:24+00:00,,Mirror-hosted Rega RB2000 manual text capturing exact model setup and construction language.
351,English Sound Jelco SA-250 page,https://englishsound.com.ru/cat/306/1577.html,official_distributor_page,official,2026-06-18T06:55:13+00:00,,English Sound distributor product page for the Jelco SA-250.
352,English Sound Jelco SA-250ST page,https://englishsound.com.ru/cat/306/1578.html,official_distributor_page,official,2026-06-18T06:55:13+00:00,,English Sound distributor product page for the Jelco SA-250ST.
353,English Sound Jelco SA-750D page,https://englishsound.com.ru/cat/306/1576.html,official_distributor_page,official,2026-06-18T06:55:13+00:00,,English Sound distributor product page for the Jelco SA-750D.
354,English Sound Jelco SA-750E page,http://englishsound.com.ru/cat/306/3093.html,official_distributor_page,official,2026-06-18T06:55:13+00:00,,English Sound distributor product page for the Jelco SA-750E.
355,English Sound Jelco SA-750L page,https://englishsound.com.ru/cat/306/2404.html,official_distributor_page,official,2026-06-18T06:55:13+00:00,,English Sound distributor product page for the Jelco SA-750L.
356,Respect Phono Jelco TK 850 S page,http://respectphono.de/en/jelco-tk-850-s-9-tonearm.html,dealer_page,secondary,2026-06-18T07:02:19+00:00,,Respect Phono retail page for exact Jelco TK 850 S product.
357,MrStylus Jelco lineup page,https://mrstylus.com/en/jelco/,official_distributor_page,official,2026-06-18T07:02:19+00:00,,MrStylus Jelco lineup page listing current TK-series MKII arms with full geometry table.
358,Respect Phono Jelco TK 850 L page,http://respectphono.de/en/jelco-tk-850-l-12-tonearm.html,dealer_page,secondary,2026-06-18T07:02:19+00:00,,Respect Phono retail page for exact Jelco TK 850 L product.
359,Respect Phono Jelco TK 950 S page,http://respectphono.de/en/jelco-tk-950-s-9-tonearm.html,dealer_page,secondary,2026-06-18T07:02:19+00:00,,Respect Phono retail page for exact Jelco TK 950 S product.
360,Respect Phono Jelco TK 950 L page,http://respectphono.de/en/jelco-tk-950-l-12-tonearm.html,dealer_page,secondary,2026-06-18T07:02:19+00:00,,Respect Phono retail page for exact Jelco TK 950 L product.
361,Clearaudio official homepage,https://www.clearaudio.de/en/,official_page,official,2026-06-18T07:02:59+00:00,,Official Clearaudio homepage describing manufacturer tonearm bearing philosophy and friction-reduction approach.
362,Analogue Seduction Clearaudio Clarify page,https://www.analogueseduction.net/tonearms/clearaudio-clarify-tonearm.html,dealer_page,secondary,2026-06-18T07:02:59+00:00,,Dealer page with exact Clarify model geometry and descriptive text.
363,James Morrow Clearaudio Clarify page,https://james-morrow.com/products/cla-clrfy-tnarm,dealer_page,secondary,2026-06-18T07:02:59+00:00,,Dealer page with exact Clarify geometry and construction notes.
364,Analogue Seduction Clearaudio Tracer page,https://www.analogueseduction.net/tonearms/clearaudio-tracer-tonearm.html,dealer_page,secondary,2026-06-18T07:02:59+00:00,,Dealer page with exact Tracer model description and key specifications.
365,Analogue Seduction Clearaudio Verify page,https://www.analogueseduction.net/tonearms/clearaudio-verify-tonearm.html,dealer_page,secondary,2026-06-18T07:02:59+00:00,,Dealer page with exact Verify model descriptive text.
366,Musical Surroundings Clearaudio Concept Tonearm page,https://www.musicalsurroundings.com/products/clearaudio-concept-tonearm,official_distributor_page,official,2026-06-18T07:13:18+00:00,,Official North American distributor page for exact Clearaudio Concept tonearm.
367,Clearaudio official homepage,https://www.clearaudio.de/en/,official_page,official,2026-06-18T07:13:18+00:00,,Official Clearaudio homepage describing reduced-friction bearing philosophy across the tonearm line.
368,Auditorium Clearaudio Magnify page,https://www.auditorium.de/en/vinyl/components/tonearms/clearaudio-magnify-tonearm,dealer_page,secondary,2026-06-18T07:13:18+00:00,,Dealer page with exact Clearaudio Magnify geometry and construction details.
369,Musical Surroundings Clearaudio Satisfy Black page,https://www.musicalsurroundings.com/products/clearaudio-satisfy-tonearm,official_distributor_page,official,2026-06-18T07:13:18+00:00,,Official distributor page for Clearaudio Satisfy tonearm family.
370,Noteworthy Audio Clearaudio Satisfy Kardan page,https://www.noteworthyaudio.com/products/clearaudio-satisfy-kardan-series-tonearm,dealer_page,secondary,2026-06-18T07:13:18+00:00,,Dealer page with exact Clearaudio Satisfy Kardan series specifications.
371,Auditorium Clearaudio Unify page,https://www.auditorium.de/en/vinyl/components/tonearms/clearaudio-unify-carbon-black-tonearm-tonearm-length-9-inches,dealer_page,secondary,2026-06-18T07:13:18+00:00,,"Dealer page for Clearaudio Unify series listing 9, 10, 12, and 14 inch variants with geometry table."
372,Musical Surroundings Clearaudio Universal 9 page,https://www.musicalsurroundings.com/products/clearaudio-universal-9-tonearm,official_distributor_page,official,2026-06-18T07:13:18+00:00,,Official distributor page for exact Clearaudio Universal tonearm variant.
373,Musical Surroundings Clearaudio Universal 12 page,https://www.musicalsurroundings.com/products/clearaudio-universal-12-tonearm,official_distributor_page,official,2026-06-18T07:13:18+00:00,,Official distributor page for exact Clearaudio Universal tonearm variant.
374,English Sound Jelco history article,http://englishsound.com.ru/info/201.html,official_distributor_page,official,2026-06-18T07:14:49+00:00,,"Official distributor article describing Jelco tonearm family construction, cartridge range, One Point Cross Suspension, and anti-skating approach."
375,The Vinyl Source Jelco SA-50 and SA-200 protractor page,https://www.thevinylsource.co.uk/product-page/cartridge-arc-protractor-for-jelco-sa-50-and-sa-200-the-vinyl-source,secondary_reference_page,secondary,2026-06-18T07:14:49+00:00,,Reference tool page explicitly listing SA-200 as designed to Jelco specifications.
376,Vinyl Engine Jelco SA-200 library page,https://www.vinylengine.com/library/jelco/sa-200.shtml,secondary_manual_index,secondary,2026-06-18T07:14:49+00:00,,Exact model manual/spec library page surfaced via Google results.
377,Vinyl Engine Jelco SA-50 library page,https://www.vinylengine.com/library/jelco/sa-50.shtml,secondary_manual_index,secondary,2026-06-18T07:14:49+00:00,,Exact model manual/spec library page surfaced via Google results.
378,The Vinyl Source Jelco SA-50 ST IV protractor page,https://www.thevinylsource.co.uk/product-page/cartridge-arc-protractor-for-jelco-sa-50-st-iv-the-vinyl-source,secondary_reference_page,secondary,2026-06-18T07:14:49+00:00,,Reference tool page explicitly listing SA-50 ST IV as designed to Jelco specifications.
379,Vinyl Engine Jelco SA-50ST library page,https://www.vinylengine.com/library/jelco/sa-50st.shtml,secondary_manual_index,secondary,2026-06-18T07:14:49+00:00,,Exact model manual/spec library page surfaced via Google results.
380,Vinyl Engine Jelco SA-250BV library page,https://www.vinylengine.com/library/jelco/sa-250bv.shtml,secondary_manual_index,secondary,2026-06-18T07:14:49+00:00,,Exact model manual/spec library page surfaced via Google results.
381,Origin Live Agile official page,https://www.originlive.com/hi-fi/tonearm/high-end-agile-tonearm/,official_page,official,2026-06-18T07:50:32+00:00,,Official Origin Live product page for the Agile tonearm.
382,Origin Live tonearm overview page,https://www.originlive.com/hi-fi/tonearm/,official_page,official,2026-06-18T07:50:32+00:00,,Official Origin Live tonearm overview page describing product ranges and listed models.
383,Origin Live Encounter official page,https://www.originlive.com/hi-fi/tonearm/dual-pivot-tonearm-encounter/,official_page,official,2026-06-18T07:50:32+00:00,,Official Origin Live product page for the Encounter tonearm.
384,Origin Live Illustrious official page,https://www.originlive.com/hi-fi/tonearm/tracking-tonearm-illustrious/,official_page,official,2026-06-18T07:50:32+00:00,,Official Origin Live product page for the Illustrious tonearm.
385,Origin Live Conqueror official page,https://www.originlive.com/hi-fi/tonearm/award-winning-tonearm-conqueror/,official_page,official,2026-06-18T07:50:32+00:00,,Official Origin Live product page for the Conqueror tonearm.
386,Origin Live Enterprise official page,https://www.originlive.com/hi-fi/tonearm/high-end-tonearm-enterprise/,official_page,official,2026-06-18T07:50:32+00:00,,Official Origin Live product page for the Enterprise tonearm.
387,Origin Live Renown official page,https://www.originlive.com/hi-fi/tonearm/renown-tonearm/,official_page,official,2026-06-18T07:50:32+00:00,,Official Origin Live product page for the Renown tonearm.
388,Origin Live Conqueror official page,https://www.originlive.com/hi-fi/tonearm/award-winning-tonearm-conqueror/,official_page,official,2026-06-18T07:50:53+00:00,,Official Origin Live product page uses spelling Conqueror.
389,Origin Live tonearm overview page,https://www.originlive.com/hi-fi/tonearm/,official_page,official,2026-06-18T07:50:53+00:00,,Official Origin Live overview page listing Conqueror within premium range.
390,Rabco SL-8 manual via Library of Congress,http://lcweb2.loc.gov/master/mbrs/recording_preservation/manuals/Rabco%20SL-8%20Servo-Driven%20Straight%20Line%20Phonograph%20Arm.pdf,official_manual,official,2026-06-18T07:51:09+00:00,,Original Rabco SL-8 manual hosted by the Library of Congress recording-preservation archive and cited by Soundfountain technical documentation.
391,Soundfountain Rabco SL-8/SL-8E technical archive,https://www.soundfountain.com/amb/ttrabco.html,secondary_reference_page,secondary,2026-06-18T07:51:09+00:00,,"Detailed technical archive documenting Rabco SL-8 and SL-8E operation, chronology, and restoration notes."
392,Design Build Listen Wand homepage,https://designbuildlisten.com/,official_page,official,2026-06-18T07:59:15+00:00,,Official Design Build Listen homepage describing The Wand tonearm lineup and available lengths.
393,Audio Origami PU7 GTS official page,https://www.audioorigami.co.uk/pu7-gts-tonearm,official_page,official,2026-06-18T07:59:15+00:00,,"Current official Audio Origami page for the PU7 GTS, representing the PU7 family."
394,AVID Nexus official page,https://www.avidhifi.com/tonearms/nexus,official_page,official,2026-06-18T07:59:15+00:00,,Official AVID HIFI Nexus tonearm page.
